WELL_ID,WELL_NAME,OPERATOR,PROD_MONTH,DAYS_IN_MONTH,OIL,GAS,WATER
90000000000029,Crimson Queen,Gold Pawn,5/1/2020,31,20465,29156,89777
90000000000029,Crimson Queen,Gold Pawn,6/1/2020,30,20682,25564,54799
90000000000029,Crimson Queen,Gold Pawn,7/1/2020,31,17268,21821,45178
90000000000029,Crimson Queen,Gold Pawn,8/1/2020,31,17002,22517,43911
90000000000029,Crimson Queen,Gold Pawn,9/1/2020,30,14647,20452,37351
90000000000029,Crimson Queen,Gold Pawn,10/1/2020,31,13761,20841,34648
90000000000029,Crimson Queen,Gold Pawn,11/1/2020,30,12659,22450,31473
90000000000029,Crimson Queen,Gold Pawn,12/1/2020,31,12771,25457,31349
90000000000029,Crimson Queen,Gold Pawn,1/1/2021,31,10373,20225,25138
90000000000029,Crimson Queen,Gold Pawn,2/1/2021,28,6496,10638,15551
90000000000029,Crimson Queen,Gold Pawn,3/1/2021,31,11236,20040,26569
90000000000029,Crimson Queen,Gold Pawn,4/1/2021,30,10232,20751,23889
90000000000029,Crimson Queen,Gold Pawn,5/1/2021,31,8978,20382,20696
90000000000029,Crimson Queen,Gold Pawn,6/1/2021,30,7560,16372,17209
90000000000029,Crimson Queen,Gold Pawn,7/1/2021,31,9125,19665,20507
90000000000029,Crimson Queen,Gold Pawn,8/1/2021,31,8296,16256,18405
90000000000029,Crimson Queen,Gold Pawn,9/1/2021,30,8501,19329,18623
90000000000029,Crimson Queen,Gold Pawn,10/1/2021,31,8080,17736,17478
90000000000029,Crimson Queen,Gold Pawn,11/1/2021,30,7056,14688,15069
90000000000029,Crimson Queen,Gold Pawn,12/1/2021,31,6645,14214,14013
90000000000029,Crimson Queen,Gold Pawn,1/1/2022,31,4784,10904,9958
90000000000029,Crimson Queen,Gold Pawn,2/1/2022,28,5398,10210,11100
90000000000029,Crimson Queen,Gold Pawn,3/1/2022,31,7871,13299,15988
90000000000029,Crimson Queen,Gold Pawn,4/1/2022,30,6971,14896,13981
90000000000029,Crimson Queen,Gold Pawn,5/1/2022,31,5237,11497,10372
90000000000029,Crimson Queen,Gold Pawn,6/1/2022,30,5968,11133,11670
90000000000029,Crimson Queen,Gold Pawn,7/1/2022,31,7234,11476,13967
90000000000029,Crimson Queen,Gold Pawn,8/1/2022,31,7121,12786,13572
90000000000029,Crimson Queen,Gold Pawn,9/1/2022,30,5979,12547,11252
90000000000029,Crimson Queen,Gold Pawn,10/1/2022,31,5589,11889,10386
90000000000029,Crimson Queen,Gold Pawn,11/1/2022,30,5058,9662,9279
90000000000029,Crimson Queen,Gold Pawn,12/1/2022,31,4691,9459,8499
90000000000029,Crimson Queen,Gold Pawn,1/1/2023,31,4924,9528,8805
90000000000029,Crimson Queen,Gold Pawn,2/1/2023,28,4991,8791,8817
90000000000029,Crimson Queen,Gold Pawn,3/1/2023,31,5604,10442,9780
90000000000029,Crimson Queen,Gold Pawn,4/1/2023,30,5117,10360,8817
90000000000029,Crimson Queen,Gold Pawn,5/1/2023,31,5090,10055,8659
90000000000029,Crimson Queen,Gold Pawn,6/1/2023,30,4859,8669,8163
90000000000029,Crimson Queen,Gold Pawn,7/1/2023,31,4685,7482,7771
90000000000029,Crimson Queen,Gold Pawn,8/1/2023,31,5247,7447,8591
90000000000029,Crimson Queen,Gold Pawn,9/1/2023,30,5000,8090,8083
90000000000029,Crimson Queen,Gold Pawn,10/1/2023,31,5792,12910,9246
90000000000029,Crimson Queen,Gold Pawn,11/1/2023,30,4444,9086,7005
90000000000029,Crimson Queen,Gold Pawn,12/1/2023,31,5568,11440,8665
90000000000029,Crimson Queen,Gold Pawn,1/1/2024,31,5483,11457,8423
90000000000029,Crimson Queen,Gold Pawn,2/1/2024,29,4732,10523,7180
90000000000029,Crimson Queen,Gold Pawn,3/1/2024,31,5436,11029,8146
90000000000029,Crimson Queen,Gold Pawn,4/1/2024,30,4831,9824,7147
90000000000029,Crimson Queen,Gold Pawn,5/1/2024,31,5059,10738,7391
90000000000029,Crimson Queen,Gold Pawn,6/1/2024,30,4292,12614,6190
90000000000029,Crimson Queen,Gold Pawn,7/1/2024,31,3542,10440,5044
90000000000029,Crimson Queen,Gold Pawn,8/1/2024,31,3781,8612,5316
90000000000029,Crimson Queen,Gold Pawn,9/1/2024,30,3128,6604,4343
90000000000029,Crimson Queen,Gold Pawn,10/1/2024,31,4941,8244,6773
90000000000029,Crimson Queen,Gold Pawn,11/1/2024,30,5035,8200,6814
90000000000029,Crimson Queen,Gold Pawn,12/1/2024,31,3699,6707,4944
90000000000029,Crimson Queen,Gold Pawn,1/1/2025,31,2444,5375,3225
90000000000029,Crimson Queen,Gold Pawn,2/1/2025,28,2908,5322,3789
90000000000029,Crimson Queen,Gold Pawn,3/1/2025,31,4409,7001,5676
90000000000029,Crimson Queen,Gold Pawn,4/1/2025,30,4314,7647,5484
90000000000029,Crimson Queen,Gold Pawn,5/1/2025,31,4475,9038,5617
90000000000029,Crimson Queen,Gold Pawn,6/1/2025,30,4504,9218,5581
90000000000029,Crimson Queen,Gold Pawn,7/1/2025,31,4560,9092,5579
90000000000029,Crimson Queen,Gold Pawn,8/1/2025,31,4638,9106,5602
90000000000029,Crimson Queen,Gold Pawn,9/1/2025,30,4372,8806,5215
90000000000029,Crimson Queen,Gold Pawn,10/1/2025,31,4468,7021,5261
90000000000029,Crimson Queen,Gold Pawn,11/1/2025,30,4268,7312,4962
90000000000029,Crimson Queen,Gold Pawn,12/1/2025,31,5330,9194,6119
90000000000029,Crimson Queen,Gold Pawn,1/1/2026,31,5722,9543,6485
90000000000029,Crimson Queen,Gold Pawn,2/1/2026,28,4736,8528,5302
90000000000029,Crimson Queen,Gold Pawn,3/1/2026,31,4301,8384,4756
90000000000041,Blue Knight,Gold Pawn,4/1/2021,30,24632,17304,106035
90000000000041,Blue Knight,Gold Pawn,5/1/2021,31,25585,15991,77638
90000000000041,Blue Knight,Gold Pawn,6/1/2021,30,17695,10900,53624
90000000000041,Blue Knight,Gold Pawn,7/1/2021,31,14583,8943,44134
90000000000041,Blue Knight,Gold Pawn,8/1/2021,31,11917,11406,36016
90000000000041,Blue Knight,Gold Pawn,9/1/2021,30,11228,12395,33889
90000000000041,Blue Knight,Gold Pawn,10/1/2021,31,10960,8702,33035
90000000000041,Blue Knight,Gold Pawn,11/1/2021,30,9644,6478,29030
90000000000041,Blue Knight,Gold Pawn,12/1/2021,31,8891,5724,26727
90000000000041,Blue Knight,Gold Pawn,1/1/2022,31,8037,8223,24127
90000000000041,Blue Knight,Gold Pawn,2/1/2022,28,7317,5901,21937
90000000000041,Blue Knight,Gold Pawn,3/1/2022,31,4511,3733,13507
90000000000041,Blue Knight,Gold Pawn,4/1/2022,30,6698,2840,20028
90000000000041,Blue Knight,Gold Pawn,5/1/2022,31,11202,9927,33451
90000000000041,Blue Knight,Gold Pawn,6/1/2022,30,13233,12898,39463
90000000000041,Blue Knight,Gold Pawn,7/1/2022,31,10680,11507,31807
90000000000041,Blue Knight,Gold Pawn,8/1/2022,31,9324,10687,27731
90000000000041,Blue Knight,Gold Pawn,9/1/2022,30,3663,5359,10880
90000000000041,Blue Knight,Gold Pawn,10/1/2022,31,3364,4216,9978
90000000000041,Blue Knight,Gold Pawn,11/1/2022,30,3700,4297,10960
90000000000041,Blue Knight,Gold Pawn,12/1/2022,31,3827,3754,11321
90000000000041,Blue Knight,Gold Pawn,1/1/2023,31,3802,2598,11232
90000000000041,Blue Knight,Gold Pawn,2/1/2023,28,4932,2463,14551
90000000000041,Blue Knight,Gold Pawn,3/1/2023,31,6943,3480,20458
90000000000041,Blue Knight,Gold Pawn,4/1/2023,30,9462,7175,27843
90000000000041,Blue Knight,Gold Pawn,5/1/2023,31,5398,4060,15863
90000000000041,Blue Knight,Gold Pawn,6/1/2023,30,3055,2322,8966
90000000000041,Blue Knight,Gold Pawn,7/1/2023,31,6148,5231,18019
90000000000041,Blue Knight,Gold Pawn,8/1/2023,31,5034,5000,14734
90000000000041,Blue Knight,Gold Pawn,9/1/2023,30,5885,7787,17201
90000000000041,Blue Knight,Gold Pawn,10/1/2023,31,4879,4903,14242
90000000000041,Blue Knight,Gold Pawn,11/1/2023,30,5512,8077,16068
90000000000041,Blue Knight,Gold Pawn,12/1/2023,31,4680,6722,13624
90000000000041,Blue Knight,Gold Pawn,1/1/2024,31,5184,4669,15071
90000000000041,Blue Knight,Gold Pawn,2/1/2024,29,5067,4762,14711
90000000000041,Blue Knight,Gold Pawn,3/1/2024,31,5048,5911,14637
90000000000041,Blue Knight,Gold Pawn,4/1/2024,30,3801,3370,11006
90000000000041,Blue Knight,Gold Pawn,5/1/2024,31,4407,5166,12744
90000000000041,Blue Knight,Gold Pawn,6/1/2024,30,3424,4103,9888
90000000000041,Blue Knight,Gold Pawn,7/1/2024,31,3404,5032,9817
90000000000041,Blue Knight,Gold Pawn,8/1/2024,31,2813,4714,8102
90000000000041,Blue Knight,Gold Pawn,9/1/2024,30,2366,5493,6805
90000000000041,Blue Knight,Gold Pawn,10/1/2024,31,2111,2585,6064
90000000000041,Blue Knight,Gold Pawn,11/1/2024,30,2731,1896,7834
90000000000041,Blue Knight,Gold Pawn,12/1/2024,31,2486,2755,7122
90000000000041,Blue Knight,Gold Pawn,1/1/2025,31,2671,4827,7641
90000000000041,Blue Knight,Gold Pawn,2/1/2025,28,2591,3794,7403
90000000000041,Blue Knight,Gold Pawn,3/1/2025,31,2732,2903,7795
90000000000041,Blue Knight,Gold Pawn,4/1/2025,30,4569,270,13019
90000000000041,Blue Knight,Gold Pawn,5/1/2025,31,4353,11236,12387
90000000000041,Blue Knight,Gold Pawn,6/1/2025,30,4066,8759,11555
90000000000041,Blue Knight,Gold Pawn,7/1/2025,31,3669,7065,10413
90000000000041,Blue Knight,Gold Pawn,8/1/2025,31,3205,3908,9084
90000000000041,Blue Knight,Gold Pawn,9/1/2025,30,3134,5966,8871
90000000000041,Blue Knight,Gold Pawn,10/1/2025,31,2868,4772,8107
90000000000041,Blue Knight,Gold Pawn,11/1/2025,30,2817,6054,7952
90000000000041,Blue Knight,Gold Pawn,12/1/2025,31,2003,4296,5647
90000000000041,Blue Knight,Gold Pawn,1/1/2026,31,2662,4020,7494
90000000000041,Blue Knight,Gold Pawn,2/1/2026,28,2534,4732,7125
90000000000041,Blue Knight,Gold Pawn,3/1/2026,31,1697,2763,4765
90000000000070,Purple Bishop,Slate King,1/1/2020,31,8198,25646,39384
90000000000070,Purple Bishop,Slate King,2/1/2020,29,34652,246161,133965
90000000000070,Purple Bishop,Slate King,3/1/2020,31,25230,189991,89974
90000000000070,Purple Bishop,Slate King,4/1/2020,30,17641,135199,62966
90000000000070,Purple Bishop,Slate King,5/1/2020,31,9702,78235,34659
90000000000070,Purple Bishop,Slate King,6/1/2020,30,13756,121248,49186
90000000000070,Purple Bishop,Slate King,7/1/2020,31,11774,105668,42135
90000000000070,Purple Bishop,Slate King,8/1/2020,31,10535,93270,37735
90000000000070,Purple Bishop,Slate King,9/1/2020,30,9211,78823,33022
90000000000070,Purple Bishop,Slate King,10/1/2020,31,9134,81330,32774
90000000000070,Purple Bishop,Slate King,11/1/2020,30,7921,64802,28445
90000000000070,Purple Bishop,Slate King,12/1/2020,31,7201,62784,25883
90000000000070,Purple Bishop,Slate King,1/1/2021,31,7469,62540,26871
90000000000070,Purple Bishop,Slate King,2/1/2021,28,5423,39222,19525
90000000000070,Purple Bishop,Slate King,3/1/2021,31,7285,56712,26253
90000000000070,Purple Bishop,Slate King,4/1/2021,30,6695,50922,24147
90000000000070,Purple Bishop,Slate King,5/1/2021,31,6301,46504,22748
90000000000070,Purple Bishop,Slate King,6/1/2021,30,6054,37390,21875
90000000000070,Purple Bishop,Slate King,7/1/2021,31,6054,38418,21892
90000000000070,Purple Bishop,Slate King,8/1/2021,31,5840,34671,21139
90000000000070,Purple Bishop,Slate King,9/1/2021,30,5406,33446,19586
90000000000070,Purple Bishop,Slate King,10/1/2021,31,5553,34653,20133
90000000000070,Purple Bishop,Slate King,11/1/2021,30,5359,32385,19447
90000000000070,Purple Bishop,Slate King,12/1/2021,31,4873,31633,17701
90000000000070,Purple Bishop,Slate King,1/1/2022,31,5465,31028,19866
90000000000070,Purple Bishop,Slate King,2/1/2022,28,4143,26396,15075
90000000000070,Purple Bishop,Slate King,3/1/2022,31,5206,32499,18958
90000000000070,Purple Bishop,Slate King,4/1/2022,30,4627,32891,16866
90000000000070,Purple Bishop,Slate King,5/1/2022,31,3937,27351,14363
90000000000070,Purple Bishop,Slate King,6/1/2022,30,4333,24817,15822
90000000000070,Purple Bishop,Slate King,7/1/2022,31,4074,26140,14887
90000000000070,Purple Bishop,Slate King,8/1/2022,31,4507,29983,16486
90000000000070,Purple Bishop,Slate King,9/1/2022,30,4268,26295,15624
90000000000070,Purple Bishop,Slate King,10/1/2022,31,4220,25003,15464
90000000000070,Purple Bishop,Slate King,11/1/2022,30,3970,25150,14557
90000000000070,Purple Bishop,Slate King,12/1/2022,31,4069,25310,14934
90000000000070,Purple Bishop,Slate King,1/1/2023,31,3676,22770,13506
90000000000070,Purple Bishop,Slate King,2/1/2023,28,3342,19230,12287
90000000000070,Purple Bishop,Slate King,3/1/2023,31,3931,23659,14467
90000000000070,Purple Bishop,Slate King,4/1/2023,30,3617,22812,13323
90000000000070,Purple Bishop,Slate King,5/1/2023,31,3583,21042,13207
90000000000070,Purple Bishop,Slate King,6/1/2023,30,3384,19306,12485
90000000000070,Purple Bishop,Slate King,7/1/2023,31,3397,17907,12545
90000000000070,Purple Bishop,Slate King,8/1/2023,31,3620,17840,13379
90000000000070,Purple Bishop,Slate King,9/1/2023,30,3141,16795,11620
90000000000070,Purple Bishop,Slate King,10/1/2023,31,3361,16890,12446
90000000000070,Purple Bishop,Slate King,11/1/2023,30,3133,17265,11610
90000000000070,Purple Bishop,Slate King,12/1/2023,31,3145,17175,11667
90000000000070,Purple Bishop,Slate King,1/1/2024,31,3146,16552,11680
90000000000070,Purple Bishop,Slate King,2/1/2024,29,3097,15647,11506
90000000000070,Purple Bishop,Slate King,3/1/2024,31,3205,16747,11918
90000000000070,Purple Bishop,Slate King,4/1/2024,30,3095,15304,11520
90000000000070,Purple Bishop,Slate King,5/1/2024,31,2793,14543,10405
90000000000070,Purple Bishop,Slate King,6/1/2024,30,2926,13304,10909
90000000000070,Purple Bishop,Slate King,7/1/2024,31,2865,13128,10690
90000000000070,Purple Bishop,Slate King,8/1/2024,31,2936,14075,10968
90000000000070,Purple Bishop,Slate King,9/1/2024,30,2850,13049,10655
90000000000070,Purple Bishop,Slate King,10/1/2024,31,2725,12951,10194
90000000000070,Purple Bishop,Slate King,11/1/2024,30,2865,12794,10728
90000000000070,Purple Bishop,Slate King,12/1/2024,31,2810,12293,10533
90000000000070,Purple Bishop,Slate King,1/1/2025,31,2681,12016,10059
90000000000070,Purple Bishop,Slate King,2/1/2025,28,2260,9802,8487
90000000000070,Purple Bishop,Slate King,3/1/2025,31,2901,12797,10902
90000000000070,Purple Bishop,Slate King,4/1/2025,30,2545,10314,9571
90000000000070,Purple Bishop,Slate King,5/1/2025,31,1883,6084,7089
90000000000070,Purple Bishop,Slate King,6/1/2025,30,2892,10769,10896
90000000000070,Purple Bishop,Slate King,7/1/2025,31,2739,10583,10330
90000000000070,Purple Bishop,Slate King,8/1/2025,31,2654,9528,10017
90000000000070,Purple Bishop,Slate King,9/1/2025,30,2576,9438,9733
90000000000070,Purple Bishop,Slate King,10/1/2025,31,2670,0,10094
90000000000070,Purple Bishop,Slate King,11/1/2025,30,2612,10289,9883
90000000000070,Purple Bishop,Slate King,12/1/2025,31,2649,9816,10034
90000000000070,Purple Bishop,Slate King,1/1/2026,31,1915,6250,7259
90000000000070,Purple Bishop,Slate King,2/1/2026,28,2336,8296,8864
90000000000070,Purple Bishop,Slate King,3/1/2026,31,2664,10050,10114
90000000000005,Slate Knight,Gold Pawn,4/1/2021,30,18566,23164,63256
90000000000005,Slate Knight,Gold Pawn,5/1/2021,31,17123,22165,58808
90000000000005,Slate Knight,Gold Pawn,6/1/2021,30,15865,23610,54839
90000000000005,Slate Knight,Gold Pawn,7/1/2021,31,12627,22582,43928
90000000000005,Slate Knight,Gold Pawn,8/1/2021,31,9201,16105,32219
90000000000005,Slate Knight,Gold Pawn,9/1/2021,30,8552,10416,30139
90000000000005,Slate Knight,Gold Pawn,10/1/2021,31,7440,8512,26389
90000000000005,Slate Knight,Gold Pawn,11/1/2021,30,7027,8673,25085
90000000000005,Slate Knight,Gold Pawn,12/1/2021,31,5294,9042,19020
90000000000005,Slate Knight,Gold Pawn,1/1/2022,0,0,0,0
90000000000005,Slate Knight,Gold Pawn,2/1/2022,28,9447,8291,34377
90000000000005,Slate Knight,Gold Pawn,3/1/2022,31,9944,9486,36411
90000000000005,Slate Knight,Gold Pawn,4/1/2022,30,8355,8852,30790
90000000000005,Slate Knight,Gold Pawn,5/1/2022,31,6539,4870,24253
90000000000005,Slate Knight,Gold Pawn,6/1/2022,30,3185,2809,11889
90000000000005,Slate Knight,Gold Pawn,7/1/2022,31,2404,1956,9032
90000000000005,Slate Knight,Gold Pawn,8/1/2022,31,2816,3133,10649
90000000000005,Slate Knight,Gold Pawn,9/1/2022,30,2114,4348,8046
90000000000005,Slate Knight,Gold Pawn,10/1/2022,31,2253,3689,8630
90000000000005,Slate Knight,Gold Pawn,11/1/2022,30,3626,3959,13979
90000000000005,Slate Knight,Gold Pawn,12/1/2022,31,4099,3674,15904
90000000000005,Slate Knight,Gold Pawn,1/1/2023,31,3357,3350,13110
90000000000005,Slate Knight,Gold Pawn,2/1/2023,28,4561,4682,17924
90000000000005,Slate Knight,Gold Pawn,3/1/2023,31,415,442,1641
90000000000005,Slate Knight,Gold Pawn,4/1/2023,0,0,0,0
90000000000005,Slate Knight,Gold Pawn,5/1/2023,31,5639,7155,22586
90000000000005,Slate Knight,Gold Pawn,6/1/2023,30,4357,2748,17564
90000000000005,Slate Knight,Gold Pawn,7/1/2023,31,4117,2669,16703
90000000000005,Slate Knight,Gold Pawn,8/1/2023,31,3914,2733,15984
90000000000005,Slate Knight,Gold Pawn,9/1/2023,30,3870,5600,15906
90000000000005,Slate Knight,Gold Pawn,10/1/2023,31,3776,3695,15620
90000000000005,Slate Knight,Gold Pawn,11/1/2023,30,4093,6773,17040
90000000000005,Slate Knight,Gold Pawn,12/1/2023,31,580,812,2430
90000000000005,Slate Knight,Gold Pawn,1/1/2024,31,3915,4158,16512
90000000000005,Slate Knight,Gold Pawn,2/1/2024,29,4318,5747,18327
90000000000005,Slate Knight,Gold Pawn,3/1/2024,31,4138,7639,17674
90000000000005,Slate Knight,Gold Pawn,4/1/2024,30,3256,4375,13996
90000000000005,Slate Knight,Gold Pawn,5/1/2024,31,3755,7152,16246
90000000000005,Slate Knight,Gold Pawn,6/1/2024,30,958,1273,4171
90000000000005,Slate Knight,Gold Pawn,7/1/2024,31,5915,14099,25921
90000000000005,Slate Knight,Gold Pawn,8/1/2024,31,7053,11184,31111
90000000000005,Slate Knight,Gold Pawn,9/1/2024,30,6265,10430,27813
90000000000005,Slate Knight,Gold Pawn,10/1/2024,31,4853,5038,21684
90000000000005,Slate Knight,Gold Pawn,11/1/2024,30,3331,3713,14979
90000000000005,Slate Knight,Gold Pawn,12/1/2024,31,4546,5603,20575
90000000000005,Slate Knight,Gold Pawn,1/1/2025,31,6251,9791,28477
90000000000005,Slate Knight,Gold Pawn,2/1/2025,28,5169,6776,23694
90000000000005,Slate Knight,Gold Pawn,3/1/2025,31,5340,4610,24631
90000000000005,Slate Knight,Gold Pawn,4/1/2025,30,4542,11496,21085
90000000000005,Slate Knight,Gold Pawn,5/1/2025,31,3847,13408,17974
90000000000005,Slate Knight,Gold Pawn,6/1/2025,30,3538,10549,16637
90000000000005,Slate Knight,Gold Pawn,7/1/2025,31,3240,7284,15334
90000000000005,Slate Knight,Gold Pawn,8/1/2025,31,3201,4136,15248
90000000000005,Slate Knight,Gold Pawn,9/1/2025,30,2896,5607,13884
90000000000005,Slate Knight,Gold Pawn,10/1/2025,31,2188,3637,10558
90000000000005,Slate Knight,Gold Pawn,11/1/2025,30,4712,8452,22883
90000000000005,Slate Knight,Gold Pawn,12/1/2025,31,4119,8287,20132
90000000000005,Slate Knight,Gold Pawn,1/1/2026,31,4269,5838,21002
90000000000005,Slate Knight,Gold Pawn,2/1/2026,28,3400,5973,16831
90000000000005,Slate Knight,Gold Pawn,3/1/2026,31,2531,4007,12607
90000000000063,Slate Queen,Crimson Knight,6/1/2024,30,3569,30465,38576
90000000000063,Slate Queen,Crimson Knight,7/1/2024,31,4391,43200,51947
90000000000063,Slate Queen,Crimson Knight,8/1/2024,31,9073,96248,65707
90000000000063,Slate Queen,Crimson Knight,9/1/2024,30,6668,81518,38233
90000000000063,Slate Queen,Crimson Knight,10/1/2024,31,5607,76041,35098
90000000000063,Slate Queen,Crimson Knight,11/1/2024,30,4465,62581,30514
90000000000063,Slate Queen,Crimson Knight,12/1/2024,31,3495,49715,46662
90000000000063,Slate Queen,Crimson Knight,1/1/2025,31,1819,26796,64617
90000000000063,Slate Queen,Crimson Knight,2/1/2025,28,271,2282,9567
90000000000063,Slate Queen,Crimson Knight,3/1/2025,31,763,8053,26762
90000000000063,Slate Queen,Crimson Knight,4/1/2025,30,386,2102,13445
90000000000063,Slate Queen,Crimson Knight,5/1/2025,31,895,2102,30950
90000000000063,Slate Queen,Crimson Knight,6/1/2025,30,836,5289,28693
90000000000063,Slate Queen,Crimson Knight,7/1/2025,31,279,390,9502
90000000000063,Slate Queen,Crimson Knight,8/1/2025,31,314,390,10606
90000000000063,Slate Queen,Crimson Knight,9/1/2025,30,420,2077,14067
90000000000063,Slate Queen,Crimson Knight,10/1/2025,31,735,8720,24405
90000000000063,Slate Queen,Crimson Knight,11/1/2025,30,742,7636,24416
90000000000063,Slate Queen,Crimson Knight,12/1/2025,31,800,7933,26080
90000000000063,Slate Queen,Crimson Knight,1/1/2026,31,674,4199,21758
90000000000063,Slate Queen,Crimson Knight,2/1/2026,28,136,991,4348
90000000000063,Slate Queen,Crimson Knight,3/1/2026,31,539,4786,17062
90000000000073,Green Rook,Gold Pawn,5/1/2020,31,37320,34178,106376
90000000000073,Green Rook,Gold Pawn,6/1/2020,30,27397,29137,86350
90000000000073,Green Rook,Gold Pawn,7/1/2020,31,20581,23639,66305
90000000000073,Green Rook,Gold Pawn,8/1/2020,31,19883,24138,63864
90000000000073,Green Rook,Gold Pawn,9/1/2020,30,16813,21699,53841
90000000000073,Green Rook,Gold Pawn,10/1/2020,31,15504,21885,49500
90000000000073,Green Rook,Gold Pawn,11/1/2020,30,14000,23332,44564
90000000000073,Green Rook,Gold Pawn,12/1/2020,31,13862,26185,43995
90000000000073,Green Rook,Gold Pawn,1/1/2021,31,11049,20586,34959
90000000000073,Green Rook,Gold Pawn,2/1/2021,28,6796,10720,21441
90000000000073,Green Rook,Gold Pawn,3/1/2021,31,11545,19995,36318
90000000000073,Green Rook,Gold Pawn,4/1/2021,30,10319,20491,32363
90000000000073,Green Rook,Gold Pawn,5/1/2021,31,8887,19920,27788
90000000000073,Green Rook,Gold Pawn,6/1/2021,30,7346,15836,22901
90000000000073,Green Rook,Gold Pawn,7/1/2021,31,8702,18826,27048
90000000000073,Green Rook,Gold Pawn,8/1/2021,31,7763,15400,24056
90000000000073,Green Rook,Gold Pawn,9/1/2021,30,7808,18122,24124
90000000000073,Green Rook,Gold Pawn,10/1/2021,31,7285,16458,22440
90000000000073,Green Rook,Gold Pawn,11/1/2021,30,6244,13490,19176
90000000000073,Green Rook,Gold Pawn,12/1/2021,31,5772,12920,17674
90000000000073,Green Rook,Gold Pawn,1/1/2022,31,4077,9808,12446
90000000000073,Green Rook,Gold Pawn,2/1/2022,28,4518,9093,13754
90000000000073,Green Rook,Gold Pawn,3/1/2022,31,6471,11726,19639
90000000000073,Green Rook,Gold Pawn,4/1/2022,30,5625,12999,17022
90000000000073,Green Rook,Gold Pawn,5/1/2022,31,4148,9929,12516
90000000000073,Green Rook,Gold Pawn,6/1/2022,30,4640,9516,13957
90000000000073,Green Rook,Gold Pawn,7/1/2022,31,5521,9709,16556
90000000000073,Green Rook,Gold Pawn,8/1/2022,31,5332,10704,15942
90000000000073,Green Rook,Gold Pawn,9/1/2022,30,4394,10396,13099
90000000000073,Green Rook,Gold Pawn,10/1/2022,31,4032,9750,11984
90000000000073,Green Rook,Gold Pawn,11/1/2022,30,3581,7842,10612
90000000000073,Green Rook,Gold Pawn,12/1/2022,31,3261,7598,9633
90000000000073,Green Rook,Gold Pawn,1/1/2023,31,3358,7573,9890
90000000000073,Green Rook,Gold Pawn,2/1/2023,28,3343,6918,9817
90000000000073,Green Rook,Gold Pawn,3/1/2023,31,3687,8136,10797
90000000000073,Green Rook,Gold Pawn,4/1/2023,30,3305,7989,9648
90000000000073,Green Rook,Gold Pawn,5/1/2023,31,3226,7674,9390
90000000000073,Green Rook,Gold Pawn,6/1/2023,30,3023,6548,8773
90000000000073,Green Rook,Gold Pawn,7/1/2023,31,2861,5594,8278
90000000000073,Green Rook,Gold Pawn,8/1/2023,31,3144,5510,9069
90000000000073,Green Rook,Gold Pawn,9/1/2023,30,2941,5923,8457
90000000000073,Green Rook,Gold Pawn,10/1/2023,31,3344,9355,9587
90000000000073,Green Rook,Gold Pawn,11/1/2023,30,2518,6517,7199
90000000000073,Green Rook,Gold Pawn,12/1/2023,31,3097,8121,8827
90000000000073,Green Rook,Gold Pawn,1/1/2024,31,2992,8048,8502
90000000000073,Green Rook,Gold Pawn,2/1/2024,29,2536,7317,7184
90000000000073,Green Rook,Gold Pawn,3/1/2024,31,2860,7591,8080
90000000000073,Green Rook,Gold Pawn,4/1/2024,30,2495,6692,7026
90000000000073,Green Rook,Gold Pawn,5/1/2024,31,2564,7240,7201
90000000000073,Green Rook,Gold Pawn,6/1/2024,30,2135,8417,5978
90000000000073,Green Rook,Gold Pawn,7/1/2024,31,1730,6895,4828
90000000000073,Green Rook,Gold Pawn,8/1/2024,31,1812,5628,5041
90000000000073,Green Rook,Gold Pawn,9/1/2024,30,1471,4272,4082
90000000000073,Green Rook,Gold Pawn,10/1/2024,31,2281,5277,6309
90000000000073,Green Rook,Gold Pawn,11/1/2024,30,2281,5195,6292
90000000000073,Green Rook,Gold Pawn,12/1/2024,31,1645,4206,4524
90000000000073,Green Rook,Gold Pawn,1/1/2025,31,1067,3335,2924
90000000000073,Green Rook,Gold Pawn,2/1/2025,28,1246,3270,3407
90000000000073,Green Rook,Gold Pawn,3/1/2025,31,1856,4258,5059
90000000000073,Green Rook,Gold Pawn,4/1/2025,30,1783,4603,4844
90000000000073,Green Rook,Gold Pawn,5/1/2025,31,1815,5385,4918
90000000000073,Green Rook,Gold Pawn,6/1/2025,30,1793,5435,4843
90000000000073,Green Rook,Gold Pawn,7/1/2025,31,1782,5306,4799
90000000000073,Green Rook,Gold Pawn,8/1/2025,31,1778,5259,4775
90000000000073,Green Rook,Gold Pawn,9/1/2025,30,1646,5033,4405
90000000000073,Green Rook,Gold Pawn,10/1/2025,31,1651,3972,4405
90000000000073,Green Rook,Gold Pawn,11/1/2025,30,1547,4094,4117
90000000000073,Green Rook,Gold Pawn,12/1/2025,31,1897,5095,5032
90000000000073,Green Rook,Gold Pawn,1/1/2026,31,1998,5233,5285
90000000000073,Green Rook,Gold Pawn,2/1/2026,28,1625,4630,4284
90000000000073,Green Rook,Gold Pawn,3/1/2026,31,1449,4507,3810
90000000000072,Gold Queen,Slate King,1/1/2020,31,0,13253,0
90000000000072,Gold Queen,Slate King,2/1/2020,29,39240,120315,167967
90000000000072,Gold Queen,Slate King,3/1/2020,31,24492,87676,81973
90000000000072,Gold Queen,Slate King,4/1/2020,30,16901,62939,56666
90000000000072,Gold Queen,Slate King,5/1/2020,31,11314,42864,38002
90000000000072,Gold Queen,Slate King,6/1/2020,30,16345,68656,54997
90000000000072,Gold Queen,Slate King,7/1/2020,31,13917,60796,46912
90000000000072,Gold Queen,Slate King,8/1/2020,31,12387,54540,41830
90000000000072,Gold Queen,Slate King,9/1/2020,30,10774,46834,36448
90000000000072,Gold Queen,Slate King,10/1/2020,31,10628,49099,36018
90000000000072,Gold Queen,Slate King,11/1/2020,30,9168,39751,31127
90000000000072,Gold Queen,Slate King,12/1/2020,31,8292,39132,28202
90000000000072,Gold Queen,Slate King,1/1/2021,31,8556,39617,29151
90000000000072,Gold Queen,Slate King,2/1/2021,28,6180,25232,21094
90000000000072,Gold Queen,Slate King,3/1/2021,31,8261,37051,28244
90000000000072,Gold Queen,Slate King,4/1/2021,30,7552,33803,25867
90000000000072,Gold Queen,Slate King,5/1/2021,31,7072,31367,24264
90000000000072,Gold Queen,Slate King,6/1/2021,30,6759,25625,23232
90000000000072,Gold Queen,Slate King,7/1/2021,31,6723,26753,23151
90000000000072,Gold Queen,Slate King,8/1/2021,31,6452,24538,22257
90000000000072,Gold Queen,Slate King,9/1/2021,30,5942,24051,20533
90000000000072,Gold Queen,Slate King,10/1/2021,31,6071,25321,21016
90000000000072,Gold Queen,Slate King,11/1/2021,30,5828,24043,20214
90000000000072,Gold Queen,Slate King,12/1/2021,31,5273,23863,18319
90000000000072,Gold Queen,Slate King,1/1/2022,31,5881,23789,20471
90000000000072,Gold Queen,Slate King,2/1/2022,28,4437,20553,15470
90000000000072,Gold Queen,Slate King,3/1/2022,31,5547,25698,19374
90000000000072,Gold Queen,Slate King,4/1/2022,30,4905,26426,17161
90000000000072,Gold Queen,Slate King,5/1/2022,31,4152,22329,14552
90000000000072,Gold Queen,Slate King,6/1/2022,30,4546,20585,15961
90000000000072,Gold Queen,Slate King,7/1/2022,31,4251,22032,14954
90000000000072,Gold Queen,Slate King,8/1/2022,31,4679,25683,16488
90000000000072,Gold Queen,Slate King,9/1/2022,30,4407,22887,15559
90000000000072,Gold Queen,Slate King,10/1/2022,31,4336,22112,15333
90000000000072,Gold Queen,Slate King,11/1/2022,30,4057,22599,14372
90000000000072,Gold Queen,Slate King,12/1/2022,31,4136,23109,14681
90000000000072,Gold Queen,Slate King,1/1/2023,31,3718,21130,13219
90000000000072,Gold Queen,Slate King,2/1/2023,28,3362,18122,11976
90000000000072,Gold Queen,Slate King,3/1/2023,31,3936,22643,14042
90000000000072,Gold Queen,Slate King,4/1/2023,30,3603,22183,12877
90000000000072,Gold Queen,Slate King,5/1/2023,31,3549,20790,12709
90000000000072,Gold Queen,Slate King,6/1/2023,30,3335,19383,11963
90000000000072,Gold Queen,Slate King,7/1/2023,31,3331,18266,11969
90000000000072,Gold Queen,Slate King,8/1/2023,31,3530,18495,12709
90000000000072,Gold Queen,Slate King,9/1/2023,30,3048,17693,10991
90000000000072,Gold Queen,Slate King,10/1/2023,31,3245,18078,11722
90000000000072,Gold Queen,Slate King,11/1/2023,30,3008,18777,10887
90000000000072,Gold Queen,Slate King,12/1/2023,31,3005,18979,10894
90000000000072,Gold Queen,Slate King,1/1/2024,31,2990,18591,10859
90000000000072,Gold Queen,Slate King,2/1/2024,29,2927,17851,10652
90000000000072,Gold Queen,Slate King,3/1/2024,31,3014,19408,10987
90000000000072,Gold Queen,Slate King,4/1/2024,30,2896,18021,10574
90000000000072,Gold Queen,Slate King,5/1/2024,31,2600,17400,9510
90000000000072,Gold Queen,Slate King,6/1/2024,30,2709,16175,9928
90000000000072,Gold Queen,Slate King,7/1/2024,31,2638,16216,9686
90000000000072,Gold Queen,Slate King,8/1/2024,31,2691,17670,9895
90000000000072,Gold Queen,Slate King,9/1/2024,30,2598,16646,9571
90000000000072,Gold Queen,Slate King,10/1/2024,31,2470,16787,9118
90000000000072,Gold Queen,Slate King,11/1/2024,30,2584,16851,9555
90000000000072,Gold Queen,Slate King,12/1/2024,31,2522,16451,9341
90000000000072,Gold Queen,Slate King,1/1/2025,31,2394,16342,8882
90000000000072,Gold Queen,Slate King,2/1/2025,28,2008,13538,7462
90000000000072,Gold Queen,Slate King,3/1/2025,31,2564,17951,9546
90000000000072,Gold Queen,Slate King,4/1/2025,30,2237,14701,8345
90000000000072,Gold Queen,Slate King,5/1/2025,31,1647,8810,6154
90000000000072,Gold Queen,Slate King,6/1/2025,30,2516,15846,9419
90000000000072,Gold Queen,Slate King,7/1/2025,31,2371,15823,8891
90000000000072,Gold Queen,Slate King,8/1/2025,31,2285,14478,8584
90000000000072,Gold Queen,Slate King,9/1/2025,30,2207,14572,8305
90000000000072,Gold Queen,Slate King,10/1/2025,31,2274,0,8576
90000000000072,Gold Queen,Slate King,11/1/2025,30,2213,16402,8360
90000000000072,Gold Queen,Slate King,12/1/2025,31,2234,15899,8452
90000000000072,Gold Queen,Slate King,1/1/2026,31,1606,10288,6088
90000000000072,Gold Queen,Slate King,2/1/2026,28,1950,13868,7403
90000000000072,Gold Queen,Slate King,3/1/2026,31,2211,17063,8412
90000000000087,Violet Rook,Crimson Knight,10/1/2022,31,28420,47652,190737
90000000000087,Violet Rook,Crimson Knight,11/1/2022,30,20565,107110,190808
90000000000087,Violet Rook,Crimson Knight,12/1/2022,31,18358,107525,190725
90000000000087,Violet Rook,Crimson Knight,1/1/2023,31,14730,104934,190188
90000000000087,Violet Rook,Crimson Knight,2/1/2023,28,9961,84926,158693
90000000000087,Violet Rook,Crimson Knight,3/1/2023,31,9534,84953,148687
90000000000087,Violet Rook,Crimson Knight,4/1/2023,30,8414,77945,128356
90000000000087,Violet Rook,Crimson Knight,5/1/2023,31,5970,59712,89086
90000000000087,Violet Rook,Crimson Knight,6/1/2023,30,6258,61699,91346
90000000000087,Violet Rook,Crimson Knight,7/1/2023,31,9400,58035,134216
90000000000087,Violet Rook,Crimson Knight,8/1/2023,31,5389,55892,75240
90000000000087,Violet Rook,Crimson Knight,9/1/2023,30,5388,53714,73584
90000000000087,Violet Rook,Crimson Knight,10/1/2023,31,5156,54236,68880
90000000000087,Violet Rook,Crimson Knight,11/1/2023,30,4820,50714,62986
90000000000087,Violet Rook,Crimson Knight,12/1/2023,31,4883,53137,62417
90000000000087,Violet Rook,Crimson Knight,1/1/2024,31,4702,50283,58771
90000000000087,Violet Rook,Crimson Knight,2/1/2024,29,4329,46088,52947
90000000000087,Violet Rook,Crimson Knight,3/1/2024,31,4407,48485,52745
90000000000087,Violet Rook,Crimson Knight,4/1/2024,30,4191,45488,49065
90000000000087,Violet Rook,Crimson Knight,5/1/2024,31,4072,45762,46632
90000000000087,Violet Rook,Crimson Knight,6/1/2024,30,3836,43613,42970
90000000000087,Violet Rook,Crimson Knight,7/1/2024,31,4155,45531,45529
90000000000087,Violet Rook,Crimson Knight,8/1/2024,31,3643,43063,39033
90000000000087,Violet Rook,Crimson Knight,9/1/2024,30,3646,40513,38213
90000000000087,Violet Rook,Crimson Knight,10/1/2024,31,3536,41065,36252
90000000000087,Violet Rook,Crimson Knight,11/1/2024,30,3464,39595,34738
90000000000087,Violet Rook,Crimson Knight,12/1/2024,31,3359,39091,32951
90000000000087,Violet Rook,Crimson Knight,1/1/2025,31,3387,39198,32489
90000000000087,Violet Rook,Crimson Knight,2/1/2025,28,2809,36209,26375
90000000000087,Violet Rook,Crimson Knight,3/1/2025,31,3218,37939,29578
90000000000087,Violet Rook,Crimson Knight,4/1/2025,30,3044,36079,27368
90000000000087,Violet Rook,Crimson Knight,5/1/2025,31,3225,36079,28363
90000000000087,Violet Rook,Crimson Knight,6/1/2025,30,2906,33987,25000
90000000000087,Violet Rook,Crimson Knight,7/1/2025,31,3004,34869,25279
90000000000087,Violet Rook,Crimson Knight,8/1/2025,31,3004,34869,24719
90000000000087,Violet Rook,Crimson Knight,9/1/2025,30,2821,32645,22706
90000000000087,Violet Rook,Crimson Knight,10/1/2025,31,2904,33954,22865
90000000000087,Violet Rook,Crimson Knight,11/1/2025,30,2606,31083,20070
90000000000087,Violet Rook,Crimson Knight,12/1/2025,31,2667,28890,20092
90000000000087,Violet Rook,Crimson Knight,1/1/2026,31,2605,30456,19190
90000000000087,Violet Rook,Crimson Knight,2/1/2026,28,2296,26938,16556
90000000000087,Violet Rook,Crimson Knight,3/1/2026,31,1784,24400,12593
90000000000059,Crimson Pawn,Crimson Knight,3/1/2025,31,970,1407,7692
90000000000059,Crimson Pawn,Crimson Knight,4/1/2025,30,21393,38692,169603
90000000000059,Crimson Pawn,Crimson Knight,5/1/2025,31,25200,48381,187419
90000000000059,Crimson Pawn,Crimson Knight,6/1/2025,30,17620,37305,138952
90000000000059,Crimson Pawn,Crimson Knight,7/1/2025,31,13096,29203,102839
90000000000059,Crimson Pawn,Crimson Knight,8/1/2025,31,14430,33092,112836
90000000000059,Crimson Pawn,Crimson Knight,9/1/2025,30,13151,31941,102402
90000000000059,Crimson Pawn,Crimson Knight,10/1/2025,31,11726,29593,90924
90000000000059,Crimson Pawn,Crimson Knight,11/1/2025,30,11063,29132,85426
90000000000059,Crimson Pawn,Crimson Knight,12/1/2025,31,10366,28629,79710
90000000000059,Crimson Pawn,Crimson Knight,1/1/2026,31,9732,28877,74515
90000000000059,Crimson Pawn,Crimson Knight,2/1/2026,28,8442,25396,64378
90000000000059,Crimson Pawn,Crimson Knight,3/1/2026,31,6977,23834,52990
90000000000032,Black Rook,Gold Pawn,5/1/2020,31,23280,23605,84475
90000000000032,Black Rook,Gold Pawn,6/1/2020,30,19593,21247,58511
90000000000032,Black Rook,Gold Pawn,7/1/2020,31,16041,18415,48240
90000000000032,Black Rook,Gold Pawn,8/1/2020,31,15482,19300,46891
90000000000032,Black Rook,Gold Pawn,9/1/2020,30,13078,17800,39888
90000000000032,Black Rook,Gold Pawn,10/1/2020,31,12048,18418,37003
90000000000032,Black Rook,Gold Pawn,11/1/2020,30,10868,20146,33614
90000000000032,Black Rook,Gold Pawn,12/1/2020,31,10751,23196,33484
90000000000032,Black Rook,Gold Pawn,1/1/2021,31,8560,18717,26851
90000000000032,Black Rook,Gold Pawn,2/1/2021,28,5260,9991,16612
90000000000032,Black Rook,Gold Pawn,3/1/2021,31,8927,19102,28383
90000000000032,Black Rook,Gold Pawn,4/1/2021,30,7971,20084,25521
90000000000032,Black Rook,Gold Pawn,5/1/2021,31,6858,20031,22111
90000000000032,Black Rook,Gold Pawn,6/1/2021,30,5663,16338,18387
90000000000032,Black Rook,Gold Pawn,7/1/2021,31,6702,19926,21913
90000000000032,Black Rook,Gold Pawn,8/1/2021,31,5973,16730,19667
90000000000032,Black Rook,Gold Pawn,9/1/2021,30,6002,20198,19901
90000000000032,Black Rook,Gold Pawn,10/1/2021,31,5594,18819,18678
90000000000032,Black Rook,Gold Pawn,11/1/2021,30,4790,15826,16106
90000000000032,Black Rook,Gold Pawn,12/1/2021,31,4424,15550,14978
90000000000032,Black Rook,Gold Pawn,1/1/2022,31,3121,12116,10644
90000000000032,Black Rook,Gold Pawn,2/1/2022,28,3456,11514,11865
90000000000032,Black Rook,Gold Pawn,3/1/2022,31,4945,15221,17091
90000000000032,Black Rook,Gold Pawn,4/1/2022,30,4294,17311,14947
90000000000032,Black Rook,Gold Pawn,5/1/2022,31,3164,13566,11089
90000000000032,Black Rook,Gold Pawn,6/1/2022,30,3535,13339,12477
90000000000032,Black Rook,Gold Pawn,7/1/2022,31,4202,13963,14935
90000000000032,Black Rook,Gold Pawn,8/1/2022,31,4054,15800,14513
90000000000032,Black Rook,Gold Pawn,9/1/2022,30,3338,15742,12033
90000000000032,Black Rook,Gold Pawn,10/1/2022,31,3060,15148,11107
90000000000032,Black Rook,Gold Pawn,11/1/2022,30,2715,12499,9924
90000000000032,Black Rook,Gold Pawn,12/1/2022,31,2469,12425,9090
90000000000032,Black Rook,Gold Pawn,1/1/2023,31,2540,12712,9418
90000000000032,Black Rook,Gold Pawn,2/1/2023,28,2527,11903,9431
90000000000032,Black Rook,Gold Pawn,3/1/2023,31,2784,14349,10462
90000000000032,Black Rook,Gold Pawn,4/1/2023,30,2493,14455,9433
90000000000032,Black Rook,Gold Pawn,5/1/2023,31,2431,14246,9264
90000000000032,Black Rook,Gold Pawn,6/1/2023,30,2276,12472,8734
90000000000032,Black Rook,Gold Pawn,7/1/2023,31,2152,10930,8315
90000000000032,Black Rook,Gold Pawn,8/1/2023,31,2362,11050,9193
90000000000032,Black Rook,Gold Pawn,9/1/2023,30,2207,12187,8650
90000000000032,Black Rook,Gold Pawn,10/1/2023,31,2507,19749,9894
90000000000032,Black Rook,Gold Pawn,11/1/2023,30,1886,14113,7497
90000000000032,Black Rook,Gold Pawn,12/1/2023,31,2317,18043,9275
90000000000032,Black Rook,Gold Pawn,1/1/2024,31,2237,18353,9016
90000000000032,Black Rook,Gold Pawn,2/1/2024,29,1894,17112,7686
90000000000032,Black Rook,Gold Pawn,3/1/2024,31,2134,18206,8720
90000000000032,Black Rook,Gold Pawn,4/1/2024,30,1859,16467,7652
90000000000032,Black Rook,Gold Pawn,5/1/2024,31,1910,18277,7913
90000000000032,Black Rook,Gold Pawn,6/1/2024,30,1588,21800,6628
90000000000032,Black Rook,Gold Pawn,7/1/2024,31,1285,18320,5401
90000000000032,Black Rook,Gold Pawn,8/1/2024,31,1345,15349,5692
90000000000032,Black Rook,Gold Pawn,9/1/2024,30,1091,11952,4650
90000000000032,Black Rook,Gold Pawn,10/1/2024,31,1690,15149,7253
90000000000032,Black Rook,Gold Pawn,11/1/2024,30,1689,15301,7298
90000000000032,Black Rook,Gold Pawn,12/1/2024,31,1217,12707,5295
90000000000032,Black Rook,Gold Pawn,1/1/2025,31,788,10343,3454
90000000000032,Black Rook,Gold Pawn,2/1/2025,28,920,10394,4059
90000000000032,Black Rook,Gold Pawn,3/1/2025,31,1369,13877,6080
90000000000032,Black Rook,Gold Pawn,4/1/2025,30,1313,15390,5875
90000000000032,Black Rook,Gold Pawn,5/1/2025,31,1336,18469,6017
90000000000032,Black Rook,Gold Pawn,6/1/2025,30,1318,19127,5979
90000000000032,Black Rook,Gold Pawn,7/1/2025,31,1309,19156,5978
90000000000032,Black Rook,Gold Pawn,8/1/2025,31,1305,19486,6003
90000000000032,Black Rook,Gold Pawn,9/1/2025,30,1206,19135,5588
90000000000032,Black Rook,Gold Pawn,10/1/2025,31,1209,15491,5638
90000000000032,Black Rook,Gold Pawn,11/1/2025,30,1132,16381,5318
90000000000032,Black Rook,Gold Pawn,12/1/2025,31,1386,20915,6558
90000000000032,Black Rook,Gold Pawn,1/1/2026,31,1459,22049,6951
90000000000032,Black Rook,Gold Pawn,2/1/2026,28,1185,19997,5684
90000000000032,Black Rook,Gold Pawn,3/1/2026,31,1056,19954,5098
90000000000025,Coral Pawn,Slate King,10/1/2020,31,18173,90626,120240
90000000000025,Coral Pawn,Slate King,11/1/2020,30,17281,86974,112215
90000000000025,Coral Pawn,Slate King,12/1/2020,31,13025,71638,82579
90000000000025,Coral Pawn,Slate King,1/1/2021,31,11148,65732,68984
90000000000025,Coral Pawn,Slate King,2/1/2021,28,5238,37999,31668
90000000000025,Coral Pawn,Slate King,3/1/2021,31,6284,46292,37128
90000000000025,Coral Pawn,Slate King,4/1/2021,30,6458,46724,37256
90000000000025,Coral Pawn,Slate King,5/1/2021,31,10242,65107,57687
90000000000025,Coral Pawn,Slate King,6/1/2021,30,8804,58197,48415
90000000000025,Coral Pawn,Slate King,7/1/2021,31,8860,56569,47575
90000000000025,Coral Pawn,Slate King,8/1/2021,31,8018,52927,42018
90000000000025,Coral Pawn,Slate King,9/1/2021,30,7362,48596,37669
90000000000025,Coral Pawn,Slate King,10/1/2021,31,7244,48167,36192
90000000000025,Coral Pawn,Slate King,11/1/2021,30,7045,45843,34364
90000000000025,Coral Pawn,Slate King,12/1/2021,31,6754,45209,32168
90000000000025,Coral Pawn,Slate King,1/1/2022,31,7130,42019,33142
90000000000025,Coral Pawn,Slate King,2/1/2022,28,5725,35125,26001
90000000000025,Coral Pawn,Slate King,3/1/2022,31,6366,39407,28252
90000000000025,Coral Pawn,Slate King,4/1/2022,30,6141,37264,26611
90000000000025,Coral Pawn,Slate King,5/1/2022,31,6632,39467,28060
90000000000025,Coral Pawn,Slate King,6/1/2022,30,5807,34140,23989
90000000000025,Coral Pawn,Slate King,7/1/2022,31,6067,35500,24473
90000000000025,Coral Pawn,Slate King,8/1/2022,31,6233,35857,24537
90000000000025,Coral Pawn,Slate King,9/1/2022,30,6013,33114,23113
90000000000025,Coral Pawn,Slate King,10/1/2022,31,5915,32741,22197
90000000000025,Coral Pawn,Slate King,11/1/2022,30,5451,29465,19973
90000000000025,Coral Pawn,Slate King,12/1/2022,31,5048,27751,18059
90000000000025,Coral Pawn,Slate King,1/1/2023,31,5689,29989,19866
90000000000025,Coral Pawn,Slate King,2/1/2023,28,4828,26033,16471
90000000000025,Coral Pawn,Slate King,3/1/2023,31,5775,29972,19254
90000000000025,Coral Pawn,Slate King,4/1/2023,30,5429,27783,17672
90000000000025,Coral Pawn,Slate King,5/1/2023,31,5301,28055,16847
90000000000025,Coral Pawn,Slate King,6/1/2023,30,3843,20422,11926
90000000000025,Coral Pawn,Slate King,7/1/2023,31,4034,18917,12221
90000000000025,Coral Pawn,Slate King,8/1/2023,31,5158,27298,15254
90000000000025,Coral Pawn,Slate King,9/1/2023,30,5153,25874,14879
90000000000025,Coral Pawn,Slate King,10/1/2023,31,5023,25677,14161
90000000000025,Coral Pawn,Slate King,11/1/2023,30,4884,24234,13444
90000000000025,Coral Pawn,Slate King,12/1/2023,31,4525,20696,12160
90000000000025,Coral Pawn,Slate King,1/1/2024,31,4948,22849,12978
90000000000025,Coral Pawn,Slate King,2/1/2024,29,4672,20994,11969
90000000000025,Coral Pawn,Slate King,3/1/2024,31,4882,21933,12218
90000000000025,Coral Pawn,Slate King,4/1/2024,30,4433,18958,10831
90000000000025,Coral Pawn,Slate King,5/1/2024,31,3645,11988,8696
90000000000025,Coral Pawn,Slate King,6/1/2024,30,4181,15710,9739
90000000000025,Coral Pawn,Slate King,7/1/2024,31,4481,16459,10190
90000000000025,Coral Pawn,Slate King,8/1/2024,31,4487,18317,9960
90000000000025,Coral Pawn,Slate King,9/1/2024,30,4083,16729,8850
90000000000025,Coral Pawn,Slate King,10/1/2024,31,4381,17786,9271
90000000000025,Coral Pawn,Slate King,11/1/2024,30,4387,17418,9064
90000000000025,Coral Pawn,Slate King,12/1/2024,31,3165,12849,6385
90000000000025,Coral Pawn,Slate King,1/1/2025,31,4137,17142,8145
90000000000025,Coral Pawn,Slate King,2/1/2025,28,3729,14639,7174
90000000000025,Coral Pawn,Slate King,3/1/2025,31,4133,16116,7769
90000000000025,Coral Pawn,Slate King,4/1/2025,30,4230,15744,7763
90000000000025,Coral Pawn,Slate King,5/1/2025,31,4248,15542,7613
90000000000025,Coral Pawn,Slate King,6/1/2025,30,3882,14263,6792
90000000000025,Coral Pawn,Slate King,7/1/2025,31,3923,13985,6703
90000000000025,Coral Pawn,Slate King,8/1/2025,31,4061,13868,6771
90000000000025,Coral Pawn,Slate King,9/1/2025,30,3791,13050,6171
90000000000025,Coral Pawn,Slate King,10/1/2025,31,3799,13249,6039
90000000000025,Coral Pawn,Slate King,11/1/2025,30,3682,12205,5715
90000000000025,Coral Pawn,Slate King,12/1/2025,31,3954,12279,5991
90000000000025,Coral Pawn,Slate King,1/1/2026,31,3714,11960,5494
90000000000025,Coral Pawn,Slate King,2/1/2026,28,3528,11058,5098
90000000000025,Coral Pawn,Slate King,3/1/2026,31,3809,11704,5379
90000000000022,White Pawn,Crimson Knight,12/1/2025,31,397,15097,0
90000000000022,White Pawn,Crimson Knight,1/1/2026,31,27989,5155,0
90000000000022,White Pawn,Crimson Knight,2/1/2026,28,16117,1632,0
90000000000022,White Pawn,Crimson Knight,3/1/2026,31,14768,8875,0
90000000000045,White Queen,Gold Pawn,5/1/2020,31,20919,29858,74494
90000000000045,White Queen,Gold Pawn,6/1/2020,30,20836,29941,58249
90000000000045,White Queen,Gold Pawn,7/1/2020,31,17201,25236,47657
90000000000045,White Queen,Gold Pawn,8/1/2020,31,16742,25707,45964
90000000000045,White Queen,Gold Pawn,9/1/2020,30,14261,23056,38801
90000000000045,White Queen,Gold Pawn,10/1/2020,31,13247,23199,35720
90000000000045,White Queen,Gold Pawn,11/1/2020,30,12050,24676,32200
90000000000045,White Queen,Gold Pawn,12/1/2020,31,12019,27628,31831
90000000000045,White Queen,Gold Pawn,1/1/2021,31,9651,21669,25327
90000000000045,White Queen,Gold Pawn,2/1/2021,28,5978,11258,15553
90000000000045,White Queen,Gold Pawn,3/1/2021,31,10228,20952,26378
90000000000045,White Queen,Gold Pawn,4/1/2021,30,9208,21422,23537
90000000000045,White Queen,Gold Pawn,5/1/2021,31,7989,20776,20236
90000000000045,White Queen,Gold Pawn,6/1/2021,30,6652,16478,16699
90000000000045,White Queen,Gold Pawn,7/1/2021,31,7938,19543,19749
90000000000045,White Queen,Gold Pawn,8/1/2021,31,7134,15949,17588
90000000000045,White Queen,Gold Pawn,9/1/2021,30,7228,18725,17660
90000000000045,White Queen,Gold Pawn,10/1/2021,31,6793,16966,16449
90000000000045,White Queen,Gold Pawn,11/1/2021,30,5865,13873,14075
90000000000045,White Queen,Gold Pawn,12/1/2021,31,5462,13256,12989
90000000000045,White Queen,Gold Pawn,1/1/2022,31,3887,10039,9159
90000000000045,White Queen,Gold Pawn,2/1/2022,28,4338,9286,10135
90000000000045,White Queen,Gold Pawn,3/1/2022,31,6256,11948,14490
90000000000045,White Queen,Gold Pawn,4/1/2022,30,5479,13215,12575
90000000000045,White Queen,Gold Pawn,5/1/2022,31,4070,10070,9258
90000000000045,White Queen,Gold Pawn,6/1/2022,30,4586,9629,10338
90000000000045,White Queen,Gold Pawn,7/1/2022,31,5496,9801,12279
90000000000045,White Queen,Gold Pawn,8/1/2022,31,5348,10780,11840
90000000000045,White Queen,Gold Pawn,9/1/2022,30,4440,10445,9741
90000000000045,White Queen,Gold Pawn,10/1/2022,31,4104,9773,8924
90000000000045,White Queen,Gold Pawn,11/1/2022,30,3672,7842,7912
90000000000045,White Queen,Gold Pawn,12/1/2022,31,3367,7581,7192
90000000000045,White Queen,Gold Pawn,1/1/2023,31,3494,7538,7394
90000000000045,White Queen,Gold Pawn,2/1/2023,28,3503,6871,7349
90000000000045,White Queen,Gold Pawn,3/1/2023,31,3891,8062,8092
90000000000045,White Queen,Gold Pawn,4/1/2023,30,3513,7897,7240
90000000000045,White Queen,Gold Pawn,5/1/2023,31,3454,7569,7056
90000000000045,White Queen,Gold Pawn,6/1/2023,30,3261,6443,6601
90000000000045,White Queen,Gold Pawn,7/1/2023,31,3109,5491,6237
90000000000045,White Queen,Gold Pawn,8/1/2023,31,3441,5396,6842
90000000000045,White Queen,Gold Pawn,9/1/2023,30,3243,5787,6389
90000000000045,White Queen,Gold Pawn,10/1/2023,31,3714,9119,7252
90000000000045,White Queen,Gold Pawn,11/1/2023,30,2818,6337,5453
90000000000045,White Queen,Gold Pawn,12/1/2023,31,3490,7879,6694
90000000000045,White Queen,Gold Pawn,1/1/2024,31,3398,7790,6457
90000000000045,White Queen,Gold Pawn,2/1/2024,29,2900,7066,5463
90000000000045,White Queen,Gold Pawn,3/1/2024,31,3295,7314,6151
90000000000045,White Queen,Gold Pawn,4/1/2024,30,2895,6433,5356
90000000000045,White Queen,Gold Pawn,5/1/2024,31,2997,6943,5497
90000000000045,White Queen,Gold Pawn,6/1/2024,30,2514,8053,4569
90000000000045,White Queen,Gold Pawn,7/1/2024,31,2051,6581,3695
90000000000045,White Queen,Gold Pawn,8/1/2024,31,2165,5360,3864
90000000000045,White Queen,Gold Pawn,9/1/2024,30,1771,4058,3133
90000000000045,White Queen,Gold Pawn,10/1/2024,31,2766,5002,4848
90000000000045,White Queen,Gold Pawn,11/1/2024,30,2787,4913,4841
90000000000045,White Queen,Gold Pawn,12/1/2024,31,2024,3968,3485
90000000000045,White Queen,Gold Pawn,1/1/2025,31,1322,3139,2256
90000000000045,White Queen,Gold Pawn,2/1/2025,28,1556,3070,2632
90000000000045,White Queen,Gold Pawn,3/1/2025,31,2334,3990,3913
90000000000045,White Queen,Gold Pawn,4/1/2025,30,2258,4303,3752
90000000000045,White Queen,Gold Pawn,5/1/2025,31,2316,5022,3813
90000000000045,White Queen,Gold Pawn,6/1/2025,30,2304,5057,3760
90000000000045,White Queen,Gold Pawn,7/1/2025,31,2307,4925,3731
90000000000045,White Queen,Gold Pawn,8/1/2025,31,2319,4870,3717
90000000000045,White Queen,Gold Pawn,9/1/2025,30,2162,4650,3434
90000000000045,White Queen,Gold Pawn,10/1/2025,31,2184,3661,3438
90000000000045,White Queen,Gold Pawn,11/1/2025,30,2063,3764,3218
90000000000045,White Queen,Gold Pawn,12/1/2025,31,2547,4674,3938
90000000000045,White Queen,Gold Pawn,1/1/2026,31,2704,4789,4142
90000000000045,White Queen,Gold Pawn,2/1/2026,28,2213,4228,3362
90000000000045,White Queen,Gold Pawn,3/1/2026,31,1988,4106,2993
90000000000004,Ivory Knight,Gold Pawn,1/1/2020,31,8442,5712,32378
90000000000004,Ivory Knight,Gold Pawn,2/1/2020,29,6255,4209,23805
90000000000004,Ivory Knight,Gold Pawn,3/1/2020,31,7421,4735,28029
90000000000004,Ivory Knight,Gold Pawn,4/1/2020,30,7176,4536,26892
90000000000004,Ivory Knight,Gold Pawn,5/1/2020,31,7068,4847,26284
90000000000004,Ivory Knight,Gold Pawn,6/1/2020,30,6350,4821,23431
90000000000004,Ivory Knight,Gold Pawn,7/1/2020,31,5697,4705,20856
90000000000004,Ivory Knight,Gold Pawn,8/1/2020,31,5392,4709,19586
90000000000004,Ivory Knight,Gold Pawn,9/1/2020,30,4731,4005,17052
90000000000004,Ivory Knight,Gold Pawn,10/1/2020,31,4750,4215,16989
90000000000004,Ivory Knight,Gold Pawn,11/1/2020,30,4274,3912,15167
90000000000004,Ivory Knight,Gold Pawn,12/1/2020,31,4439,4137,15630
90000000000004,Ivory Knight,Gold Pawn,1/1/2021,31,4248,4181,14839
90000000000004,Ivory Knight,Gold Pawn,2/1/2021,28,2692,2593,9335
90000000000004,Ivory Knight,Gold Pawn,3/1/2021,31,4212,4303,14494
90000000000004,Ivory Knight,Gold Pawn,4/1/2021,30,3572,4108,12196
90000000000004,Ivory Knight,Gold Pawn,5/1/2021,31,3614,4231,12243
90000000000004,Ivory Knight,Gold Pawn,6/1/2021,30,3322,3750,11169
90000000000004,Ivory Knight,Gold Pawn,7/1/2021,31,3455,4027,11525
90000000000004,Ivory Knight,Gold Pawn,8/1/2021,31,3337,4330,11044
90000000000004,Ivory Knight,Gold Pawn,9/1/2021,30,2919,3873,9584
90000000000004,Ivory Knight,Gold Pawn,10/1/2021,31,2945,3801,9595
90000000000004,Ivory Knight,Gold Pawn,11/1/2021,30,2823,3567,9126
90000000000004,Ivory Knight,Gold Pawn,12/1/2021,31,2894,3510,9284
90000000000004,Ivory Knight,Gold Pawn,1/1/2022,31,2946,3578,9375
90000000000004,Ivory Knight,Gold Pawn,2/1/2022,28,2635,3382,8325
90000000000004,Ivory Knight,Gold Pawn,3/1/2022,31,2747,3769,8613
90000000000004,Ivory Knight,Gold Pawn,4/1/2022,30,2621,3582,8154
90000000000004,Ivory Knight,Gold Pawn,5/1/2022,31,2251,2875,6949
90000000000004,Ivory Knight,Gold Pawn,6/1/2022,30,2403,3286,7360
90000000000004,Ivory Knight,Gold Pawn,7/1/2022,31,2346,3330,7131
90000000000004,Ivory Knight,Gold Pawn,8/1/2022,31,2353,3528,7096
90000000000004,Ivory Knight,Gold Pawn,9/1/2022,30,2498,3445,7474
90000000000004,Ivory Knight,Gold Pawn,10/1/2022,31,2201,3502,6535
90000000000004,Ivory Knight,Gold Pawn,11/1/2022,30,1332,2188,3924
90000000000004,Ivory Knight,Gold Pawn,12/1/2022,31,3119,2906,9117
90000000000004,Ivory Knight,Gold Pawn,1/1/2023,31,3573,2814,10360
90000000000004,Ivory Knight,Gold Pawn,2/1/2023,28,2833,2677,8154
90000000000004,Ivory Knight,Gold Pawn,3/1/2023,31,3894,3549,11124
90000000000004,Ivory Knight,Gold Pawn,4/1/2023,30,2275,2349,6450
90000000000004,Ivory Knight,Gold Pawn,5/1/2023,31,2585,3018,7269
90000000000004,Ivory Knight,Gold Pawn,6/1/2023,30,673,1029,1879
90000000000004,Ivory Knight,Gold Pawn,7/1/2023,31,2392,2919,6623
90000000000004,Ivory Knight,Gold Pawn,8/1/2023,31,1919,2356,5273
90000000000004,Ivory Knight,Gold Pawn,9/1/2023,30,1951,2898,5318
90000000000004,Ivory Knight,Gold Pawn,10/1/2023,31,1533,2570,4147
90000000000004,Ivory Knight,Gold Pawn,11/1/2023,30,1730,2652,4643
90000000000004,Ivory Knight,Gold Pawn,12/1/2023,31,1776,2536,4731
90000000000004,Ivory Knight,Gold Pawn,1/1/2024,31,1769,2862,4674
90000000000004,Ivory Knight,Gold Pawn,2/1/2024,29,1485,2242,3895
90000000000004,Ivory Knight,Gold Pawn,3/1/2024,31,961,1681,2500
90000000000004,Ivory Knight,Gold Pawn,4/1/2024,30,1571,2099,4057
90000000000004,Ivory Knight,Gold Pawn,5/1/2024,31,1756,2214,4500
90000000000004,Ivory Knight,Gold Pawn,6/1/2024,30,1608,2422,4087
90000000000004,Ivory Knight,Gold Pawn,7/1/2024,31,1844,2724,4651
90000000000004,Ivory Knight,Gold Pawn,8/1/2024,31,1741,1563,4356
90000000000004,Ivory Knight,Gold Pawn,9/1/2024,30,1689,3060,4194
90000000000004,Ivory Knight,Gold Pawn,10/1/2024,31,1906,3680,4696
90000000000004,Ivory Knight,Gold Pawn,11/1/2024,30,1903,2773,4653
90000000000004,Ivory Knight,Gold Pawn,12/1/2024,31,1914,3109,4644
90000000000004,Ivory Knight,Gold Pawn,1/1/2025,31,1886,3883,4540
90000000000004,Ivory Knight,Gold Pawn,2/1/2025,28,1203,3320,2873
90000000000004,Ivory Knight,Gold Pawn,3/1/2025,31,1469,3930,3484
90000000000004,Ivory Knight,Gold Pawn,4/1/2025,30,1728,4723,4065
90000000000004,Ivory Knight,Gold Pawn,5/1/2025,31,1670,5285,3899
90000000000004,Ivory Knight,Gold Pawn,6/1/2025,30,1434,4681,3321
90000000000004,Ivory Knight,Gold Pawn,7/1/2025,31,1248,3919,2869
90000000000004,Ivory Knight,Gold Pawn,8/1/2025,31,1213,3436,2766
90000000000004,Ivory Knight,Gold Pawn,9/1/2025,30,1551,4851,3510
90000000000004,Ivory Knight,Gold Pawn,10/1/2025,31,1556,5100,3494
90000000000004,Ivory Knight,Gold Pawn,11/1/2025,30,1265,4067,2817
90000000000004,Ivory Knight,Gold Pawn,12/1/2025,31,1574,5247,3479
90000000000004,Ivory Knight,Gold Pawn,1/1/2026,31,1461,5096,3205
90000000000004,Ivory Knight,Gold Pawn,2/1/2026,28,1263,4687,2749
90000000000004,Ivory Knight,Gold Pawn,3/1/2026,31,1294,5456,2795
90000000000038,Yellow Rook,Slate King,2/1/2026,28,21402,125095,0
90000000000038,Yellow Rook,Slate King,3/1/2026,31,34977,205966,0
90000000000012,Coral Bishop,Gold Pawn,9/1/2020,30,10028,8100,23053
90000000000012,Coral Bishop,Gold Pawn,10/1/2020,31,24231,22430,57897
90000000000012,Coral Bishop,Gold Pawn,11/1/2020,30,18518,18713,42889
90000000000012,Coral Bishop,Gold Pawn,12/1/2020,31,15474,16002,36071
90000000000012,Coral Bishop,Gold Pawn,1/1/2021,31,14881,15635,34915
90000000000012,Coral Bishop,Gold Pawn,2/1/2021,28,9212,8594,21751
90000000000012,Coral Bishop,Gold Pawn,3/1/2021,31,10245,11663,24340
90000000000012,Coral Bishop,Gold Pawn,4/1/2021,30,11582,11063,27694
90000000000012,Coral Bishop,Gold Pawn,5/1/2021,31,10703,10293,25759
90000000000012,Coral Bishop,Gold Pawn,6/1/2021,30,9634,9713,23336
90000000000012,Coral Bishop,Gold Pawn,7/1/2021,31,9143,10531,22291
90000000000012,Coral Bishop,Gold Pawn,8/1/2021,31,6494,6546,15936
90000000000012,Coral Bishop,Gold Pawn,9/1/2021,30,5908,8276,14593
90000000000012,Coral Bishop,Gold Pawn,10/1/2021,31,7105,8452,17661
90000000000012,Coral Bishop,Gold Pawn,11/1/2021,30,9280,12002,23217
90000000000012,Coral Bishop,Gold Pawn,12/1/2021,31,8344,10713,21012
90000000000012,Coral Bishop,Gold Pawn,1/1/2022,31,8373,10923,21222
90000000000012,Coral Bishop,Gold Pawn,2/1/2022,28,7503,8934,19137
90000000000012,Coral Bishop,Gold Pawn,3/1/2022,31,7729,10581,19838
90000000000012,Coral Bishop,Gold Pawn,4/1/2022,30,6338,9234,16373
90000000000012,Coral Bishop,Gold Pawn,5/1/2022,31,7148,10825,18583
90000000000012,Coral Bishop,Gold Pawn,6/1/2022,30,6405,10119,16760
90000000000012,Coral Bishop,Gold Pawn,7/1/2022,31,5747,8972,15136
90000000000012,Coral Bishop,Gold Pawn,8/1/2022,31,5808,7947,15396
90000000000012,Coral Bishop,Gold Pawn,9/1/2022,30,4827,6223,12879
90000000000012,Coral Bishop,Gold Pawn,10/1/2022,31,5161,5672,13859
90000000000012,Coral Bishop,Gold Pawn,11/1/2022,30,4827,6164,13045
90000000000012,Coral Bishop,Gold Pawn,12/1/2022,31,5623,6472,15295
90000000000012,Coral Bishop,Gold Pawn,1/1/2023,31,5422,6013,14846
90000000000012,Coral Bishop,Gold Pawn,2/1/2023,28,5069,5534,13968
90000000000012,Coral Bishop,Gold Pawn,3/1/2023,31,5087,4948,14104
90000000000012,Coral Bishop,Gold Pawn,4/1/2023,30,5073,5431,14155
90000000000012,Coral Bishop,Gold Pawn,5/1/2023,31,5194,5783,14589
90000000000012,Coral Bishop,Gold Pawn,6/1/2023,30,4946,5135,13980
90000000000012,Coral Bishop,Gold Pawn,7/1/2023,31,5058,4877,14390
90000000000012,Coral Bishop,Gold Pawn,8/1/2023,31,4279,6142,12253
90000000000012,Coral Bishop,Gold Pawn,9/1/2023,30,3732,5397,10757
90000000000012,Coral Bishop,Gold Pawn,10/1/2023,31,4199,3448,12181
90000000000012,Coral Bishop,Gold Pawn,11/1/2023,30,3036,2685,8865
90000000000012,Coral Bishop,Gold Pawn,12/1/2023,31,4879,4679,14338
90000000000012,Coral Bishop,Gold Pawn,1/1/2024,31,4548,4473,13452
90000000000012,Coral Bishop,Gold Pawn,2/1/2024,29,4147,4746,12345
90000000000012,Coral Bishop,Gold Pawn,3/1/2024,31,4286,5803,12839
90000000000012,Coral Bishop,Gold Pawn,4/1/2024,30,3283,3097,9898
90000000000012,Coral Bishop,Gold Pawn,5/1/2024,31,2421,3014,7348
90000000000012,Coral Bishop,Gold Pawn,6/1/2024,30,3518,4656,10746
90000000000012,Coral Bishop,Gold Pawn,7/1/2024,31,3757,4585,11549
90000000000012,Coral Bishop,Gold Pawn,8/1/2024,31,3616,5418,11188
90000000000012,Coral Bishop,Gold Pawn,9/1/2024,30,3224,5688,10041
90000000000012,Coral Bishop,Gold Pawn,10/1/2024,31,3858,4503,12094
90000000000012,Coral Bishop,Gold Pawn,11/1/2024,30,4053,4152,12788
90000000000012,Coral Bishop,Gold Pawn,12/1/2024,31,3819,6271,12126
90000000000012,Coral Bishop,Gold Pawn,1/1/2025,31,3728,6707,11915
90000000000012,Coral Bishop,Gold Pawn,2/1/2025,28,2420,3088,7785
90000000000012,Coral Bishop,Gold Pawn,3/1/2025,31,2595,1336,8398
90000000000012,Coral Bishop,Gold Pawn,4/1/2025,30,3082,81,10040
90000000000012,Coral Bishop,Gold Pawn,5/1/2025,31,2799,7304,9175
90000000000012,Coral Bishop,Gold Pawn,6/1/2025,30,2148,3022,7086
90000000000012,Coral Bishop,Gold Pawn,7/1/2025,31,1859,2946,6175
90000000000012,Coral Bishop,Gold Pawn,8/1/2025,31,4018,5296,13432
90000000000012,Coral Bishop,Gold Pawn,9/1/2025,30,3298,3926,11097
90000000000012,Coral Bishop,Gold Pawn,10/1/2025,31,3209,4277,10865
90000000000012,Coral Bishop,Gold Pawn,11/1/2025,30,2880,5429,9815
90000000000012,Coral Bishop,Gold Pawn,12/1/2025,31,2766,5989,9489
90000000000012,Coral Bishop,Gold Pawn,1/1/2026,31,3595,5085,12413
90000000000012,Coral Bishop,Gold Pawn,2/1/2026,28,3335,5281,11588
90000000000012,Coral Bishop,Gold Pawn,3/1/2026,31,3359,5717,11744
90000000000036,Bronze Pawn,Slate King,1/1/2020,31,9380,26867,84879
90000000000036,Bronze Pawn,Slate King,2/1/2020,29,19366,65278,177208
90000000000036,Bronze Pawn,Slate King,3/1/2020,31,15014,50287,136801
90000000000036,Bronze Pawn,Slate King,4/1/2020,30,12932,47482,117227
90000000000036,Bronze Pawn,Slate King,5/1/2020,31,9374,34873,84539
90000000000036,Bronze Pawn,Slate King,6/1/2020,30,10508,38100,94280
90000000000036,Bronze Pawn,Slate King,7/1/2020,31,9453,35388,84380
90000000000036,Bronze Pawn,Slate King,8/1/2020,31,8908,38504,79101
90000000000036,Bronze Pawn,Slate King,9/1/2020,30,8233,33962,72733
90000000000036,Bronze Pawn,Slate King,10/1/2020,31,8112,33996,71296
90000000000036,Bronze Pawn,Slate King,11/1/2020,30,7525,34356,65798
90000000000036,Bronze Pawn,Slate King,12/1/2020,31,7640,31606,66462
90000000000036,Bronze Pawn,Slate King,1/1/2021,31,7651,30486,66211
90000000000036,Bronze Pawn,Slate King,2/1/2021,28,4363,13176,37570
90000000000036,Bronze Pawn,Slate King,3/1/2021,31,5803,29354,49722
90000000000036,Bronze Pawn,Slate King,4/1/2021,30,5594,29926,47686
90000000000036,Bronze Pawn,Slate King,5/1/2021,31,5410,29030,45881
90000000000036,Bronze Pawn,Slate King,6/1/2021,30,5234,27179,44161
90000000000036,Bronze Pawn,Slate King,7/1/2021,31,5328,27974,44724
90000000000036,Bronze Pawn,Slate King,8/1/2021,31,1097,7354,9160
90000000000036,Bronze Pawn,Slate King,9/1/2021,30,2970,13229,24673
90000000000036,Bronze Pawn,Slate King,10/1/2021,31,4044,14506,33424
90000000000036,Bronze Pawn,Slate King,11/1/2021,30,1528,0,12564
90000000000036,Bronze Pawn,Slate King,12/1/2021,31,1661,9670,13588
90000000000036,Bronze Pawn,Slate King,1/1/2022,31,2123,9372,17277
90000000000036,Bronze Pawn,Slate King,2/1/2022,28,1785,9192,14454
90000000000036,Bronze Pawn,Slate King,3/1/2022,31,2208,10708,17791
90000000000036,Bronze Pawn,Slate King,4/1/2022,30,2103,10742,16858
90000000000036,Bronze Pawn,Slate King,5/1/2022,31,2113,12396,16851
90000000000036,Bronze Pawn,Slate King,6/1/2022,30,1826,11397,14488
90000000000036,Bronze Pawn,Slate King,7/1/2022,31,2054,13382,16213
90000000000036,Bronze Pawn,Slate King,8/1/2022,31,2024,13975,15893
90000000000036,Bronze Pawn,Slate King,9/1/2022,30,1790,13116,13984
90000000000036,Bronze Pawn,Slate King,10/1/2022,31,2212,14174,17192
90000000000036,Bronze Pawn,Slate King,11/1/2022,30,1901,12471,14699
90000000000036,Bronze Pawn,Slate King,12/1/2022,31,1822,14887,14016
90000000000036,Bronze Pawn,Slate King,1/1/2023,31,1942,19168,14862
90000000000036,Bronze Pawn,Slate King,2/1/2023,28,1715,14348,13059
90000000000036,Bronze Pawn,Slate King,3/1/2023,31,2065,18301,15647
90000000000036,Bronze Pawn,Slate King,4/1/2023,30,1928,15616,14534
90000000000036,Bronze Pawn,Slate King,5/1/2023,31,1804,14645,13529
90000000000036,Bronze Pawn,Slate King,6/1/2023,30,1708,13619,12744
90000000000036,Bronze Pawn,Slate King,7/1/2023,31,1761,13704,13072
90000000000036,Bronze Pawn,Slate King,8/1/2023,31,1555,12177,11483
90000000000036,Bronze Pawn,Slate King,9/1/2023,30,1674,12388,12298
90000000000036,Bronze Pawn,Slate King,10/1/2023,31,1490,11110,10890
90000000000036,Bronze Pawn,Slate King,11/1/2023,30,1643,13638,11947
90000000000036,Bronze Pawn,Slate King,12/1/2023,31,1588,12762,11488
90000000000036,Bronze Pawn,Slate King,1/1/2024,31,1691,10942,12169
90000000000036,Bronze Pawn,Slate King,2/1/2024,29,1679,9074,12022
90000000000036,Bronze Pawn,Slate King,3/1/2024,31,1758,9204,12524
90000000000036,Bronze Pawn,Slate King,4/1/2024,30,1621,8005,11489
90000000000036,Bronze Pawn,Slate King,5/1/2024,31,1706,7796,12030
90000000000036,Bronze Pawn,Slate King,6/1/2024,30,1673,13320,11736
90000000000036,Bronze Pawn,Slate King,7/1/2024,31,1801,13652,12570
90000000000036,Bronze Pawn,Slate King,8/1/2024,31,1363,14039,9463
90000000000036,Bronze Pawn,Slate King,9/1/2024,30,1864,11009,12875
90000000000036,Bronze Pawn,Slate King,10/1/2024,31,1410,9481,9689
90000000000036,Bronze Pawn,Slate King,11/1/2024,30,1464,9569,10009
90000000000036,Bronze Pawn,Slate King,12/1/2024,31,1400,11913,9522
90000000000036,Bronze Pawn,Slate King,1/1/2025,31,1335,7639,9033
90000000000036,Bronze Pawn,Slate King,2/1/2025,28,1021,11271,6874
90000000000036,Bronze Pawn,Slate King,3/1/2025,31,1467,9025,9828
90000000000036,Bronze Pawn,Slate King,4/1/2025,30,1366,9512,9104
90000000000036,Bronze Pawn,Slate King,5/1/2025,31,1355,10761,8985
90000000000036,Bronze Pawn,Slate King,6/1/2025,30,1278,10097,8431
90000000000036,Bronze Pawn,Slate King,7/1/2025,31,1500,10315,9845
90000000000036,Bronze Pawn,Slate King,8/1/2025,31,1476,11140,9637
90000000000036,Bronze Pawn,Slate King,9/1/2025,30,1404,11620,9120
90000000000036,Bronze Pawn,Slate King,10/1/2025,31,1401,9211,9054
90000000000036,Bronze Pawn,Slate King,11/1/2025,30,1294,11203,8319
90000000000036,Bronze Pawn,Slate King,12/1/2025,31,1613,10627,10317
90000000000036,Bronze Pawn,Slate King,1/1/2026,31,1502,10813,9557
90000000000036,Bronze Pawn,Slate King,2/1/2026,28,1262,8924,7990
90000000000036,Bronze Pawn,Slate King,3/1/2026,31,1491,8917,9393
90000000000067,Scarlet King,Slate King,9/1/2021,30,1516,4594,10121
90000000000067,Scarlet King,Slate King,10/1/2021,31,20552,117397,190314
90000000000067,Scarlet King,Slate King,11/1/2021,30,14168,0,99339
90000000000067,Scarlet King,Slate King,12/1/2021,31,9798,64548,69718
90000000000067,Scarlet King,Slate King,1/1/2022,31,11136,79857,80435
90000000000067,Scarlet King,Slate King,2/1/2022,28,10745,57574,78726
90000000000067,Scarlet King,Slate King,3/1/2022,31,9653,67423,71740
90000000000067,Scarlet King,Slate King,4/1/2022,30,7240,58107,54606
90000000000067,Scarlet King,Slate King,5/1/2022,31,6912,56582,52906
90000000000067,Scarlet King,Slate King,6/1/2022,30,5818,47492,45193
90000000000067,Scarlet King,Slate King,7/1/2022,31,5709,46697,45005
90000000000067,Scarlet King,Slate King,8/1/2022,31,5628,46729,45036
90000000000067,Scarlet King,Slate King,9/1/2022,30,5138,44804,41725
90000000000067,Scarlet King,Slate King,10/1/2022,31,4921,44776,40557
90000000000067,Scarlet King,Slate King,11/1/2022,30,4875,36436,40774
90000000000067,Scarlet King,Slate King,12/1/2022,31,5191,38803,44062
90000000000067,Scarlet King,Slate King,1/1/2023,31,5810,44140,50060
90000000000067,Scarlet King,Slate King,2/1/2023,28,4895,37377,42782
90000000000067,Scarlet King,Slate King,3/1/2023,31,5854,43742,51898
90000000000067,Scarlet King,Slate King,4/1/2023,30,5010,39450,45075
90000000000067,Scarlet King,Slate King,5/1/2023,31,4891,38091,44658
90000000000067,Scarlet King,Slate King,6/1/2023,30,4196,30226,38881
90000000000067,Scarlet King,Slate King,7/1/2023,31,4694,35440,44141
90000000000067,Scarlet King,Slate King,8/1/2023,31,5142,40643,49084
90000000000067,Scarlet King,Slate King,9/1/2023,30,4381,36639,42440
90000000000067,Scarlet King,Slate King,10/1/2023,31,3763,35089,36995
90000000000067,Scarlet King,Slate King,11/1/2023,30,3820,31301,38113
90000000000067,Scarlet King,Slate King,12/1/2023,31,4621,40893,46789
90000000000067,Scarlet King,Slate King,1/1/2024,31,4443,34691,45666
90000000000067,Scarlet King,Slate King,2/1/2024,29,3456,24739,36040
90000000000067,Scarlet King,Slate King,3/1/2024,31,3753,29266,39708
90000000000067,Scarlet King,Slate King,4/1/2024,30,3509,27158,37678
90000000000067,Scarlet King,Slate King,5/1/2024,31,3834,30823,41779
90000000000067,Scarlet King,Slate King,6/1/2024,30,3600,28931,39812
90000000000067,Scarlet King,Slate King,7/1/2024,31,3574,28787,40111
90000000000067,Scarlet King,Slate King,8/1/2024,31,3072,24754,34997
90000000000067,Scarlet King,Slate King,9/1/2024,30,3493,25434,40384
90000000000067,Scarlet King,Slate King,10/1/2024,31,3547,27109,41617
90000000000067,Scarlet King,Slate King,11/1/2024,30,3388,25978,40342
90000000000067,Scarlet King,Slate King,12/1/2024,31,3288,24680,39733
90000000000067,Scarlet King,Slate King,1/1/2025,31,3524,24578,43227
90000000000067,Scarlet King,Slate King,2/1/2025,28,2563,20706,31891
90000000000067,Scarlet King,Slate King,3/1/2025,31,2891,21124,36488
90000000000067,Scarlet King,Slate King,4/1/2025,30,2962,23020,37939
90000000000067,Scarlet King,Slate King,5/1/2025,31,2822,21304,36683
90000000000067,Scarlet King,Slate King,6/1/2025,30,2597,21965,34259
90000000000067,Scarlet King,Slate King,7/1/2025,31,1821,39899,24379
90000000000067,Scarlet King,Slate King,8/1/2025,31,1929,16439,26215
90000000000067,Scarlet King,Slate King,9/1/2025,30,2373,20598,32727
90000000000067,Scarlet King,Slate King,10/1/2025,31,1952,14167,27321
90000000000067,Scarlet King,Slate King,11/1/2025,30,2154,17628,30596
90000000000067,Scarlet King,Slate King,12/1/2025,31,6,47,86
90000000000067,Scarlet King,Slate King,1/1/2026,31,1138,5593,16652
90000000000067,Scarlet King,Slate King,2/1/2026,28,3704,14397,54977
90000000000067,Scarlet King,Slate King,3/1/2026,31,1725,18179,25971
90000000000060,Crimson Rook,Crimson Knight,3/1/2025,31,1021,1825,8876
90000000000060,Crimson Rook,Crimson Knight,4/1/2025,30,23399,45578,188053
90000000000060,Crimson Rook,Crimson Knight,5/1/2025,31,23653,45635,188243
90000000000060,Crimson Rook,Crimson Knight,6/1/2025,30,17349,38378,149618
90000000000060,Crimson Rook,Crimson Knight,7/1/2025,31,12889,30056,110710
90000000000060,Crimson Rook,Crimson Knight,8/1/2025,31,14197,34075,121446
90000000000060,Crimson Rook,Crimson Knight,9/1/2025,30,12933,32905,110194
90000000000060,Crimson Rook,Crimson Knight,10/1/2025,31,11527,30501,97822
90000000000060,Crimson Rook,Crimson Knight,11/1/2025,30,10872,30039,91888
90000000000060,Crimson Rook,Crimson Knight,12/1/2025,31,10183,29534,85722
90000000000060,Crimson Rook,Crimson Knight,1/1/2026,31,9556,29804,80118
90000000000060,Crimson Rook,Crimson Knight,2/1/2026,28,8287,26223,69206
90000000000060,Crimson Rook,Crimson Knight,3/1/2026,31,6846,24621,56952
90000000000068,Maroon Knight,Crimson Knight,12/1/2023,31,23167,101502,88671
90000000000068,Maroon Knight,Crimson Knight,1/1/2024,31,49241,205000,160546
90000000000068,Maroon Knight,Crimson Knight,2/1/2024,29,40156,155377,126312
90000000000068,Maroon Knight,Crimson Knight,3/1/2024,31,31194,115269,94669
90000000000068,Maroon Knight,Crimson Knight,4/1/2024,30,27877,103446,81573
90000000000068,Maroon Knight,Crimson Knight,5/1/2024,31,25915,96790,73119
90000000000068,Maroon Knight,Crimson Knight,6/1/2024,30,19458,71352,52935
90000000000068,Maroon Knight,Crimson Knight,7/1/2024,31,19154,72549,50243
90000000000068,Maroon Knight,Crimson Knight,8/1/2024,31,14991,51659,37893
90000000000068,Maroon Knight,Crimson Knight,9/1/2024,30,29265,110051,71325
90000000000068,Maroon Knight,Crimson Knight,10/1/2024,31,27059,102281,63589
90000000000068,Maroon Knight,Crimson Knight,11/1/2024,30,22377,89610,50704
90000000000068,Maroon Knight,Crimson Knight,12/1/2024,31,20901,78744,45665
90000000000068,Maroon Knight,Crimson Knight,1/1/2025,31,19978,79948,42061
90000000000068,Maroon Knight,Crimson Knight,2/1/2025,28,16871,87517,34288
90000000000068,Maroon Knight,Crimson Knight,3/1/2025,31,17735,74011,34797
90000000000068,Maroon Knight,Crimson Knight,4/1/2025,30,15696,66448,29693
90000000000068,Maroon Knight,Crimson Knight,5/1/2025,31,16296,68376,29726
90000000000068,Maroon Knight,Crimson Knight,6/1/2025,30,15541,65794,27333
90000000000068,Maroon Knight,Crimson Knight,7/1/2025,31,14914,62929,25292
90000000000068,Maroon Knight,Crimson Knight,8/1/2025,31,14369,61216,23482
90000000000068,Maroon Knight,Crimson Knight,9/1/2025,30,14020,57874,22091
90000000000068,Maroon Knight,Crimson Knight,10/1/2025,31,14205,59964,21582
90000000000068,Maroon Knight,Crimson Knight,11/1/2025,30,13039,55531,19101
90000000000068,Maroon Knight,Crimson Knight,12/1/2025,31,11127,50379,15717
90000000000068,Maroon Knight,Crimson Knight,1/1/2026,31,14005,58625,19063
90000000000068,Maroon Knight,Crimson Knight,2/1/2026,28,12467,53078,16381
90000000000068,Maroon Knight,Crimson Knight,3/1/2026,31,13119,58739,16641
90000000000046,Ivory King,Crimson Knight,5/1/2024,31,14660,23167,35237
90000000000046,Ivory King,Crimson Knight,6/1/2024,30,22032,37918,52483
90000000000046,Ivory King,Crimson Knight,7/1/2024,31,15356,29121,36137
90000000000046,Ivory King,Crimson Knight,8/1/2024,31,16534,30929,38432
90000000000046,Ivory King,Crimson Knight,9/1/2024,30,12692,23736,29145
90000000000046,Ivory King,Crimson Knight,10/1/2024,31,13432,26267,30470
90000000000046,Ivory King,Crimson Knight,11/1/2024,30,11517,23288,25810
90000000000046,Ivory King,Crimson Knight,12/1/2024,31,10497,20720,23240
90000000000046,Ivory King,Crimson Knight,1/1/2025,31,9810,20338,21452
90000000000046,Ivory King,Crimson Knight,2/1/2025,28,8023,16740,17339
90000000000046,Ivory King,Crimson Knight,3/1/2025,31,8011,16721,17111
90000000000046,Ivory King,Crimson Knight,4/1/2025,30,7001,14625,14772
90000000000046,Ivory King,Crimson Knight,5/1/2025,31,6865,14292,14310
90000000000046,Ivory King,Crimson Knight,6/1/2025,30,5930,12362,12212
90000000000046,Ivory King,Crimson Knight,7/1/2025,31,5968,12136,12141
90000000000046,Ivory King,Crimson Knight,8/1/2025,31,5655,11105,11362
90000000000046,Ivory King,Crimson Knight,9/1/2025,30,5369,10773,10658
90000000000046,Ivory King,Crimson Knight,10/1/2025,31,3750,7496,7353
90000000000046,Ivory King,Crimson Knight,11/1/2025,30,4262,6897,8257
90000000000046,Ivory King,Crimson Knight,12/1/2025,31,3978,6278,7613
90000000000046,Ivory King,Crimson Knight,1/1/2026,31,4013,6177,7585
90000000000046,Ivory King,Crimson Knight,2/1/2026,28,3449,5280,6442
90000000000046,Ivory King,Crimson Knight,3/1/2026,31,1829,5608,3377
90000000000054,Blue Pawn,Crimson Knight,1/1/2021,31,723,530,0
90000000000054,Blue Pawn,Crimson Knight,2/1/2021,28,4970,7884,0
90000000000054,Blue Pawn,Crimson Knight,3/1/2021,31,14849,23183,0
90000000000054,Blue Pawn,Crimson Knight,4/1/2021,30,13533,22227,0
90000000000054,Blue Pawn,Crimson Knight,5/1/2021,31,13328,23295,0
90000000000054,Blue Pawn,Crimson Knight,6/1/2021,30,12597,22768,0
90000000000054,Blue Pawn,Crimson Knight,7/1/2021,31,12560,24162,0
90000000000054,Blue Pawn,Crimson Knight,8/1/2021,31,11937,23946,0
90000000000054,Blue Pawn,Crimson Knight,9/1/2021,30,10545,21040,0
90000000000054,Blue Pawn,Crimson Knight,10/1/2021,31,9261,19210,0
90000000000054,Blue Pawn,Crimson Knight,11/1/2021,30,7919,15970,0
90000000000054,Blue Pawn,Crimson Knight,12/1/2021,31,7136,14825,0
90000000000054,Blue Pawn,Crimson Knight,1/1/2022,31,2073,3985,0
90000000000054,Blue Pawn,Crimson Knight,2/1/2022,28,7698,15087,0
90000000000054,Blue Pawn,Crimson Knight,3/1/2022,31,5303,8737,0
90000000000054,Blue Pawn,Crimson Knight,4/1/2022,30,9503,21527,0
90000000000054,Blue Pawn,Crimson Knight,5/1/2022,31,9240,21382,0
90000000000054,Blue Pawn,Crimson Knight,6/1/2022,30,9631,20300,0
90000000000054,Blue Pawn,Crimson Knight,7/1/2022,31,7302,17876,0
90000000000054,Blue Pawn,Crimson Knight,8/1/2022,31,6889,17038,0
90000000000054,Blue Pawn,Crimson Knight,9/1/2022,30,5953,14935,0
90000000000054,Blue Pawn,Crimson Knight,10/1/2022,31,5686,14015,0
90000000000054,Blue Pawn,Crimson Knight,11/1/2022,30,5065,12598,0
90000000000054,Blue Pawn,Crimson Knight,12/1/2022,31,4806,12046,0
90000000000054,Blue Pawn,Crimson Knight,1/1/2023,31,4612,12099,0
90000000000054,Blue Pawn,Crimson Knight,2/1/2023,28,4675,10274,0
90000000000054,Blue Pawn,Crimson Knight,3/1/2023,31,4590,11169,0
90000000000054,Blue Pawn,Crimson Knight,4/1/2023,30,4100,10697,0
90000000000054,Blue Pawn,Crimson Knight,5/1/2023,31,4054,10790,0
90000000000054,Blue Pawn,Crimson Knight,6/1/2023,30,3651,10116,0
90000000000054,Blue Pawn,Crimson Knight,7/1/2023,31,3549,9686,0
90000000000054,Blue Pawn,Crimson Knight,8/1/2023,31,3749,10150,0
90000000000054,Blue Pawn,Crimson Knight,9/1/2023,30,3516,9487,0
90000000000054,Blue Pawn,Crimson Knight,10/1/2023,31,3417,9157,0
90000000000054,Blue Pawn,Crimson Knight,11/1/2023,30,3272,8434,0
90000000000054,Blue Pawn,Crimson Knight,12/1/2023,31,3458,8530,0
90000000000054,Blue Pawn,Crimson Knight,1/1/2024,31,3192,4889,0
90000000000054,Blue Pawn,Crimson Knight,2/1/2024,29,3035,7725,0
90000000000054,Blue Pawn,Crimson Knight,3/1/2024,31,3096,8250,0
90000000000054,Blue Pawn,Crimson Knight,4/1/2024,30,2893,8060,0
90000000000054,Blue Pawn,Crimson Knight,5/1/2024,31,3060,8296,0
90000000000054,Blue Pawn,Crimson Knight,6/1/2024,30,2769,8204,0
90000000000054,Blue Pawn,Crimson Knight,7/1/2024,31,3013,7738,0
90000000000054,Blue Pawn,Crimson Knight,8/1/2024,31,2804,7810,0
90000000000054,Blue Pawn,Crimson Knight,9/1/2024,30,2274,5933,0
90000000000054,Blue Pawn,Crimson Knight,10/1/2024,31,2235,6557,0
90000000000054,Blue Pawn,Crimson Knight,11/1/2024,30,2706,6275,0
90000000000054,Blue Pawn,Crimson Knight,12/1/2024,31,2631,6923,0
90000000000054,Blue Pawn,Crimson Knight,1/1/2025,31,2590,7193,0
90000000000054,Blue Pawn,Crimson Knight,2/1/2025,28,2311,6618,0
90000000000054,Blue Pawn,Crimson Knight,3/1/2025,31,1928,5436,0
90000000000054,Blue Pawn,Crimson Knight,4/1/2025,30,3082,10699,0
90000000000054,Blue Pawn,Crimson Knight,5/1/2025,31,2862,10699,0
90000000000054,Blue Pawn,Crimson Knight,6/1/2025,30,2418,9666,0
90000000000054,Blue Pawn,Crimson Knight,7/1/2025,31,2407,8606,0
90000000000054,Blue Pawn,Crimson Knight,8/1/2025,31,2407,8606,0
90000000000054,Blue Pawn,Crimson Knight,9/1/2025,30,2474,9612,0
90000000000054,Blue Pawn,Crimson Knight,10/1/2025,31,2431,8973,0
90000000000054,Blue Pawn,Crimson Knight,11/1/2025,30,2170,8568,0
90000000000054,Blue Pawn,Crimson Knight,12/1/2025,31,2244,9027,0
90000000000054,Blue Pawn,Crimson Knight,1/1/2026,31,1788,6825,0
90000000000054,Blue Pawn,Crimson Knight,2/1/2026,28,1883,6514,0
90000000000054,Blue Pawn,Crimson Knight,3/1/2026,31,2075,7296,0
90000000000001,Olive King,Gold Pawn,9/1/2022,30,5997,6676,18499
90000000000001,Olive King,Gold Pawn,10/1/2022,31,10552,12483,34005
90000000000001,Olive King,Gold Pawn,11/1/2022,30,2386,2384,7982
90000000000001,Olive King,Gold Pawn,12/1/2022,31,476,0,1653
90000000000001,Olive King,Gold Pawn,1/1/2023,31,17248,15294,34050
90000000000001,Olive King,Gold Pawn,2/1/2023,28,16157,19126,31917
90000000000001,Olive King,Gold Pawn,3/1/2023,31,23436,27600,47027
90000000000001,Olive King,Gold Pawn,4/1/2023,30,19717,32362,40211
90000000000001,Olive King,Gold Pawn,5/1/2023,31,16641,27914,34492
90000000000001,Olive King,Gold Pawn,6/1/2023,30,14617,27385,30792
90000000000001,Olive King,Gold Pawn,7/1/2023,31,13497,25560,28899
90000000000001,Olive King,Gold Pawn,8/1/2023,31,9766,16660,21258
90000000000001,Olive King,Gold Pawn,9/1/2023,30,10982,17591,24294
90000000000001,Olive King,Gold Pawn,10/1/2023,31,10318,16382,23199
90000000000001,Olive King,Gold Pawn,11/1/2023,30,10513,20857,24023
90000000000001,Olive King,Gold Pawn,12/1/2023,31,10159,21347,23593
90000000000001,Olive King,Gold Pawn,1/1/2024,31,7742,17222,18279
90000000000001,Olive King,Gold Pawn,2/1/2024,29,8434,14586,20234
90000000000001,Olive King,Gold Pawn,3/1/2024,31,10169,23209,24788
90000000000001,Olive King,Gold Pawn,4/1/2024,30,8469,17042,20983
90000000000001,Olive King,Gold Pawn,5/1/2024,31,8205,18170,20660
90000000000001,Olive King,Gold Pawn,6/1/2024,30,7922,16992,20275
90000000000001,Olive King,Gold Pawn,7/1/2024,31,7634,14885,19856
90000000000001,Olive King,Gold Pawn,8/1/2024,31,7189,15396,19010
90000000000001,Olive King,Gold Pawn,9/1/2024,30,4911,10501,13198
90000000000001,Olive King,Gold Pawn,10/1/2024,31,7909,10774,21604
90000000000001,Olive King,Gold Pawn,11/1/2024,30,5901,13293,16381
90000000000001,Olive King,Gold Pawn,12/1/2024,31,3729,12528,10522
90000000000001,Olive King,Gold Pawn,1/1/2025,31,412,145,1182
90000000000001,Olive King,Gold Pawn,2/1/2025,28,7094,5260,20670
90000000000001,Olive King,Gold Pawn,3/1/2025,31,5857,3237,17336
90000000000001,Olive King,Gold Pawn,4/1/2025,30,8375,2179,25193
90000000000001,Olive King,Gold Pawn,5/1/2025,31,7287,2152,22279
90000000000001,Olive King,Gold Pawn,6/1/2025,30,4539,2013,14104
90000000000001,Olive King,Gold Pawn,7/1/2025,31,6835,3656,21586
90000000000001,Olive King,Gold Pawn,8/1/2025,31,4817,3333,15463
90000000000001,Olive King,Gold Pawn,9/1/2025,30,4650,2587,15171
90000000000001,Olive King,Gold Pawn,10/1/2025,31,5089,2385,16878
90000000000001,Olive King,Gold Pawn,11/1/2025,30,5332,3466,17970
90000000000001,Olive King,Gold Pawn,12/1/2025,31,5227,3847,17907
90000000000001,Olive King,Gold Pawn,1/1/2026,31,5428,4810,18904
90000000000001,Olive King,Gold Pawn,2/1/2026,28,4329,2952,15314
90000000000001,Olive King,Gold Pawn,3/1/2026,31,5492,5226,19736
90000000000047,Violet Pawn,Slate King,1/1/2020,31,9468,27347,84771
90000000000047,Violet Pawn,Slate King,2/1/2020,29,29977,98820,113076
90000000000047,Violet Pawn,Slate King,3/1/2020,31,16358,56190,50312
90000000000047,Violet Pawn,Slate King,4/1/2020,30,12423,42595,38184
90000000000047,Violet Pawn,Slate King,5/1/2020,31,9713,30000,29836
90000000000047,Violet Pawn,Slate King,6/1/2020,30,9282,32024,28493
90000000000047,Violet Pawn,Slate King,7/1/2020,31,10400,36047,31904
90000000000047,Violet Pawn,Slate King,8/1/2020,31,9027,38005,27675
90000000000047,Violet Pawn,Slate King,9/1/2020,30,8806,35499,26978
90000000000047,Violet Pawn,Slate King,10/1/2020,31,8133,32261,24902
90000000000047,Violet Pawn,Slate King,11/1/2020,30,7816,31875,23916
90000000000047,Violet Pawn,Slate King,12/1/2020,31,6915,27496,21146
90000000000047,Violet Pawn,Slate King,1/1/2021,31,7303,30219,22316
90000000000047,Violet Pawn,Slate King,2/1/2021,28,5103,21159,15585
90000000000047,Violet Pawn,Slate King,3/1/2021,31,6961,28576,21246
90000000000047,Violet Pawn,Slate King,4/1/2021,30,6184,26054,18862
90000000000047,Violet Pawn,Slate King,5/1/2021,31,6157,25528,18766
90000000000047,Violet Pawn,Slate King,6/1/2021,30,5556,24293,16923
90000000000047,Violet Pawn,Slate King,7/1/2021,31,6168,27636,18777
90000000000047,Violet Pawn,Slate King,8/1/2021,31,5786,23876,17600
90000000000047,Violet Pawn,Slate King,9/1/2021,30,5261,23951,15995
90000000000047,Violet Pawn,Slate King,10/1/2021,31,5618,18517,17067
90000000000047,Violet Pawn,Slate King,11/1/2021,30,4375,0,13284
90000000000047,Violet Pawn,Slate King,12/1/2021,31,4737,21163,14372
90000000000047,Violet Pawn,Slate King,1/1/2022,31,4518,15745,13701
90000000000047,Violet Pawn,Slate King,2/1/2022,28,4059,14959,12300
90000000000047,Violet Pawn,Slate King,3/1/2022,31,4664,18337,14125
90000000000047,Violet Pawn,Slate King,4/1/2022,30,4263,17602,12902
90000000000047,Violet Pawn,Slate King,5/1/2022,31,4305,17860,13022
90000000000047,Violet Pawn,Slate King,6/1/2022,30,3881,15402,11731
90000000000047,Violet Pawn,Slate King,7/1/2022,31,4017,16580,12135
90000000000047,Violet Pawn,Slate King,8/1/2022,31,4061,17025,12260
90000000000047,Violet Pawn,Slate King,9/1/2022,30,3823,16533,11533
90000000000047,Violet Pawn,Slate King,10/1/2022,31,4157,16218,12531
90000000000047,Violet Pawn,Slate King,11/1/2022,30,3593,13801,10825
90000000000047,Violet Pawn,Slate King,12/1/2022,31,3130,13960,9423
90000000000047,Violet Pawn,Slate King,1/1/2023,31,3307,15494,9951
90000000000047,Violet Pawn,Slate King,2/1/2023,28,2775,13733,8343
90000000000047,Violet Pawn,Slate King,3/1/2023,31,3545,17954,10654
90000000000047,Violet Pawn,Slate King,4/1/2023,30,3076,17057,9238
90000000000047,Violet Pawn,Slate King,5/1/2023,31,2781,15462,8345
90000000000047,Violet Pawn,Slate King,6/1/2023,30,2521,13104,7562
90000000000047,Violet Pawn,Slate King,7/1/2023,31,2649,13473,7941
90000000000047,Violet Pawn,Slate King,8/1/2023,31,2490,12356,7460
90000000000047,Violet Pawn,Slate King,9/1/2023,30,2435,11645,7290
90000000000047,Violet Pawn,Slate King,10/1/2023,31,2276,12246,6809
90000000000047,Violet Pawn,Slate King,11/1/2023,30,2282,12930,6824
90000000000047,Violet Pawn,Slate King,12/1/2023,31,2231,12064,6666
90000000000047,Violet Pawn,Slate King,1/1/2024,31,2363,11440,7055
90000000000047,Violet Pawn,Slate King,2/1/2024,29,2263,11949,6753
90000000000047,Violet Pawn,Slate King,3/1/2024,31,2266,12727,6757
90000000000047,Violet Pawn,Slate King,4/1/2024,30,2203,12358,6565
90000000000047,Violet Pawn,Slate King,5/1/2024,31,2170,11612,6464
90000000000047,Violet Pawn,Slate King,6/1/2024,30,2160,11804,6430
90000000000047,Violet Pawn,Slate King,7/1/2024,31,2019,11201,6006
90000000000047,Violet Pawn,Slate King,8/1/2024,31,1837,10753,5461
90000000000047,Violet Pawn,Slate King,9/1/2024,30,2072,10855,6154
90000000000047,Violet Pawn,Slate King,10/1/2024,31,2132,11821,6328
90000000000047,Violet Pawn,Slate King,11/1/2024,30,2032,11596,6029
90000000000047,Violet Pawn,Slate King,12/1/2024,31,2077,11281,6157
90000000000047,Violet Pawn,Slate King,1/1/2025,31,2147,11342,6362
90000000000047,Violet Pawn,Slate King,2/1/2025,28,1730,9570,5121
90000000000047,Violet Pawn,Slate King,3/1/2025,31,1906,10677,5638
90000000000047,Violet Pawn,Slate King,4/1/2025,30,1840,11090,5441
90000000000047,Violet Pawn,Slate King,5/1/2025,31,1853,11323,5476
90000000000047,Violet Pawn,Slate King,6/1/2025,30,1638,9811,4838
90000000000047,Violet Pawn,Slate King,7/1/2025,31,1882,10537,5553
90000000000047,Violet Pawn,Slate King,8/1/2025,31,1846,11436,5444
90000000000047,Violet Pawn,Slate King,9/1/2025,30,1667,11422,4914
90000000000047,Violet Pawn,Slate King,10/1/2025,31,1690,9594,4977
90000000000047,Violet Pawn,Slate King,11/1/2025,30,1557,10544,4583
90000000000047,Violet Pawn,Slate King,12/1/2025,31,1626,9522,4782
90000000000047,Violet Pawn,Slate King,1/1/2026,31,1493,10743,4389
90000000000047,Violet Pawn,Slate King,2/1/2026,28,1451,10105,4262
90000000000047,Violet Pawn,Slate King,3/1/2026,31,1809,11312,5310
90000000000056,Azure Pawn,Slate King,9/1/2020,30,1286,8986,4501
90000000000056,Azure Pawn,Slate King,10/1/2020,31,61322,159224,189585
90000000000056,Azure Pawn,Slate King,11/1/2020,30,32913,102872,115724
90000000000056,Azure Pawn,Slate King,12/1/2020,31,24775,79973,87521
90000000000056,Azure Pawn,Slate King,1/1/2021,31,23006,79201,81665
90000000000056,Azure Pawn,Slate King,2/1/2021,28,13939,49786,49704
90000000000056,Azure Pawn,Slate King,3/1/2021,31,17897,64183,64110
90000000000056,Azure Pawn,Slate King,4/1/2021,30,15593,61063,56122
90000000000056,Azure Pawn,Slate King,5/1/2021,31,14185,55954,51297
90000000000056,Azure Pawn,Slate King,6/1/2021,30,11692,48021,42479
90000000000056,Azure Pawn,Slate King,7/1/2021,31,11567,48452,42227
90000000000056,Azure Pawn,Slate King,8/1/2021,31,11375,47790,41725
90000000000056,Azure Pawn,Slate King,9/1/2021,30,10655,47934,39268
90000000000056,Azure Pawn,Slate King,10/1/2021,31,9597,45455,35536
90000000000056,Azure Pawn,Slate King,11/1/2021,30,9747,43563,36263
90000000000056,Azure Pawn,Slate King,12/1/2021,31,9091,41079,33982
90000000000056,Azure Pawn,Slate King,1/1/2022,31,7400,29074,27793
90000000000056,Azure Pawn,Slate King,2/1/2022,28,7512,33634,28345
90000000000056,Azure Pawn,Slate King,3/1/2022,31,8498,40045,32212
90000000000056,Azure Pawn,Slate King,4/1/2022,30,7613,37131,28994
90000000000056,Azure Pawn,Slate King,5/1/2022,31,7149,36539,27355
90000000000056,Azure Pawn,Slate King,6/1/2022,30,5536,30844,21281
90000000000056,Azure Pawn,Slate King,7/1/2022,31,5118,26411,19769
90000000000056,Azure Pawn,Slate King,8/1/2022,31,5883,33298,22833
90000000000056,Azure Pawn,Slate King,9/1/2022,30,7050,37992,27491
90000000000056,Azure Pawn,Slate King,10/1/2022,31,6697,34813,26238
90000000000056,Azure Pawn,Slate King,11/1/2022,30,5282,25800,20795
90000000000056,Azure Pawn,Slate King,12/1/2022,31,5720,28761,22625
90000000000056,Azure Pawn,Slate King,1/1/2023,31,6004,31933,23861
90000000000056,Azure Pawn,Slate King,2/1/2023,28,5379,28124,21474
90000000000056,Azure Pawn,Slate King,3/1/2023,31,5932,31846,23793
90000000000056,Azure Pawn,Slate King,4/1/2023,30,5181,27854,20879
90000000000056,Azure Pawn,Slate King,5/1/2023,31,5467,30572,22133
90000000000056,Azure Pawn,Slate King,6/1/2023,30,4849,26405,19727
90000000000056,Azure Pawn,Slate King,7/1/2023,31,4925,29461,20128
90000000000056,Azure Pawn,Slate King,8/1/2023,31,4723,29399,19398
90000000000056,Azure Pawn,Slate King,9/1/2023,30,4218,28734,17405
90000000000056,Azure Pawn,Slate King,10/1/2023,31,3895,25270,16148
90000000000056,Azure Pawn,Slate King,11/1/2023,30,2144,11895,8929
90000000000056,Azure Pawn,Slate King,12/1/2023,31,3928,28235,16441
90000000000056,Azure Pawn,Slate King,1/1/2024,31,1589,7522,6682
90000000000056,Azure Pawn,Slate King,2/1/2024,29,3700,24237,15633
90000000000056,Azure Pawn,Slate King,3/1/2024,31,4416,31117,18742
90000000000056,Azure Pawn,Slate King,4/1/2024,30,4330,33433,18465
90000000000056,Azure Pawn,Slate King,5/1/2024,31,4322,34528,18520
90000000000056,Azure Pawn,Slate King,6/1/2024,30,4198,34026,18072
90000000000056,Azure Pawn,Slate King,7/1/2024,31,4140,33654,17906
90000000000056,Azure Pawn,Slate King,8/1/2024,31,4124,35169,17923
90000000000056,Azure Pawn,Slate King,9/1/2024,30,3431,27936,14983
90000000000056,Azure Pawn,Slate King,10/1/2024,31,3996,33712,17532
90000000000056,Azure Pawn,Slate King,11/1/2024,30,3665,30286,16154
90000000000056,Azure Pawn,Slate King,12/1/2024,31,3210,27580,14219
90000000000056,Azure Pawn,Slate King,1/1/2025,31,3765,31471,16756
90000000000056,Azure Pawn,Slate King,2/1/2025,28,3302,29506,14760
90000000000056,Azure Pawn,Slate King,3/1/2025,31,3636,33125,16331
90000000000056,Azure Pawn,Slate King,4/1/2025,30,3316,29750,14963
90000000000056,Azure Pawn,Slate King,5/1/2025,31,3401,31234,15420
90000000000056,Azure Pawn,Slate King,6/1/2025,30,3151,30008,14353
90000000000056,Azure Pawn,Slate King,7/1/2025,31,2964,29052,13564
90000000000056,Azure Pawn,Slate King,8/1/2025,31,2842,28506,13071
90000000000056,Azure Pawn,Slate King,9/1/2025,30,2968,29520,13712
90000000000056,Azure Pawn,Slate King,10/1/2025,31,2888,0,13405
90000000000056,Azure Pawn,Slate King,11/1/2025,30,2654,25143,12377
90000000000056,Azure Pawn,Slate King,12/1/2025,31,2699,24945,12650
90000000000056,Azure Pawn,Slate King,1/1/2026,31,2521,23045,11872
90000000000056,Azure Pawn,Slate King,2/1/2026,28,2368,21245,11200
90000000000056,Azure Pawn,Slate King,3/1/2026,31,2467,23701,11723
90000000000062,Cyan Rook,Crimson Knight,12/1/2025,31,296,11512,0
90000000000062,Cyan Rook,Crimson Knight,1/1/2026,31,38784,7255,0
90000000000062,Cyan Rook,Crimson Knight,2/1/2026,28,16883,1593,0
90000000000062,Cyan Rook,Crimson Knight,3/1/2026,31,13030,6734,0
90000000000058,Silver Rook,Slate King,9/1/2022,30,449,1716,4430
90000000000058,Silver Rook,Slate King,10/1/2022,31,23206,78876,190438
90000000000058,Silver Rook,Slate King,11/1/2022,30,24909,90097,190329
90000000000058,Silver Rook,Slate King,12/1/2022,31,21367,77329,188725
90000000000058,Silver Rook,Slate King,1/1/2023,31,17683,78195,170097
90000000000058,Silver Rook,Slate King,2/1/2023,28,11280,53576,106785
90000000000058,Silver Rook,Slate King,3/1/2023,31,12238,52250,114021
90000000000058,Silver Rook,Slate King,4/1/2023,30,12285,47632,112585
90000000000058,Silver Rook,Slate King,5/1/2023,31,12814,49174,115511
90000000000058,Silver Rook,Slate King,6/1/2023,30,12944,49257,114772
90000000000058,Silver Rook,Slate King,7/1/2023,31,13664,54711,119174
90000000000058,Silver Rook,Slate King,8/1/2023,31,11764,49073,100896
90000000000058,Silver Rook,Slate King,9/1/2023,30,10040,47734,84699
90000000000058,Silver Rook,Slate King,10/1/2023,31,9628,45339,79894
90000000000058,Silver Rook,Slate King,11/1/2023,30,8098,40547,66098
90000000000058,Silver Rook,Slate King,12/1/2023,31,8618,41116,69191
90000000000058,Silver Rook,Slate King,1/1/2024,31,8346,41467,65893
90000000000058,Silver Rook,Slate King,2/1/2024,29,7404,37100,57514
90000000000058,Silver Rook,Slate King,3/1/2024,31,7174,34452,54830
90000000000058,Silver Rook,Slate King,4/1/2024,30,6797,35181,51098
90000000000058,Silver Rook,Slate King,5/1/2024,31,6979,36469,51608
90000000000058,Silver Rook,Slate King,6/1/2024,30,6387,34412,46457
90000000000058,Silver Rook,Slate King,7/1/2024,31,6214,33877,44459
90000000000058,Silver Rook,Slate King,8/1/2024,31,6305,33513,44359
90000000000058,Silver Rook,Slate King,9/1/2024,30,5461,29438,37792
90000000000058,Silver Rook,Slate King,10/1/2024,31,6151,33299,41871
90000000000058,Silver Rook,Slate King,11/1/2024,30,5814,29654,38928
90000000000058,Silver Rook,Slate King,12/1/2024,31,5507,28723,36269
90000000000058,Silver Rook,Slate King,1/1/2025,31,5336,26367,34559
90000000000058,Silver Rook,Slate King,2/1/2025,28,5216,27469,33246
90000000000058,Silver Rook,Slate King,3/1/2025,31,4998,25580,31352
90000000000058,Silver Rook,Slate King,4/1/2025,30,4503,24396,27785
90000000000058,Silver Rook,Slate King,5/1/2025,31,4661,22817,28289
90000000000058,Silver Rook,Slate King,6/1/2025,30,3108,16295,18554
90000000000058,Silver Rook,Slate King,7/1/2025,31,4943,22934,29026
90000000000058,Silver Rook,Slate King,8/1/2025,31,4324,22008,24969
90000000000058,Silver Rook,Slate King,9/1/2025,30,4247,21481,24123
90000000000058,Silver Rook,Slate King,10/1/2025,31,4174,22720,23320
90000000000058,Silver Rook,Slate King,11/1/2025,30,5020,28927,27588
90000000000058,Silver Rook,Slate King,12/1/2025,31,4277,22501,23120
90000000000058,Silver Rook,Slate King,1/1/2026,31,3834,21630,20380
90000000000058,Silver Rook,Slate King,2/1/2026,28,3576,16971,18708
90000000000058,Silver Rook,Slate King,3/1/2026,31,3967,19152,20425
90000000000089,Azure Rook,Crimson Knight,5/1/2024,31,10474,14095,81889
90000000000089,Azure Rook,Crimson Knight,6/1/2024,30,21629,34755,166718
90000000000089,Azure Rook,Crimson Knight,7/1/2024,31,12861,23709,97172
90000000000089,Azure Rook,Crimson Knight,8/1/2024,31,14094,26700,104344
90000000000089,Azure Rook,Crimson Knight,9/1/2024,30,11008,21706,79883
90000000000089,Azure Rook,Crimson Knight,10/1/2024,31,11852,25444,84309
90000000000089,Azure Rook,Crimson Knight,11/1/2024,30,10340,23897,72095
90000000000089,Azure Rook,Crimson Knight,12/1/2024,31,9588,22523,65534
90000000000089,Azure Rook,Crimson Knight,1/1/2025,31,9119,23440,61076
90000000000089,Azure Rook,Crimson Knight,2/1/2025,28,7584,20400,49820
90000000000089,Azure Rook,Crimson Knight,3/1/2025,31,7700,21544,49616
90000000000089,Azure Rook,Crimson Knight,4/1/2025,30,6846,19961,43242
90000000000089,Azure Rook,Crimson Knight,5/1/2025,31,6831,20664,42289
90000000000089,Azure Rook,Crimson Knight,6/1/2025,30,6003,18933,36431
90000000000089,Azure Rook,Crimson Knight,7/1/2025,31,6147,19689,36566
90000000000089,Azure Rook,Crimson Knight,8/1/2025,31,5927,19103,34550
90000000000089,Azure Rook,Crimson Knight,9/1/2025,30,5726,19631,32718
90000000000089,Azure Rook,Crimson Knight,10/1/2025,31,4069,14469,22787
90000000000089,Azure Rook,Crimson Knight,11/1/2025,30,4706,14104,25833
90000000000089,Azure Rook,Crimson Knight,12/1/2025,31,4468,13599,24044
90000000000089,Azure Rook,Crimson Knight,1/1/2026,31,4587,14187,24187
90000000000089,Azure Rook,Crimson Knight,2/1/2026,28,4009,12823,20732
90000000000089,Azure Rook,Crimson Knight,3/1/2026,31,2162,14399,10967
90000000000076,Coral Queen,Crimson Knight,5/1/2024,31,9016,13344,23351
90000000000076,Coral Queen,Crimson Knight,6/1/2024,30,14613,16102,38113
90000000000076,Coral Queen,Crimson Knight,7/1/2024,31,13690,16448,35968
90000000000076,Coral Queen,Crimson Knight,8/1/2024,31,14470,16966,38302
90000000000076,Coral Queen,Crimson Knight,9/1/2024,30,10907,12651,29084
90000000000076,Coral Queen,Crimson Knight,10/1/2024,31,11335,13603,30445
90000000000076,Coral Queen,Crimson Knight,11/1/2024,30,9543,11718,25822
90000000000076,Coral Queen,Crimson Knight,12/1/2024,31,8542,10131,23281
90000000000076,Coral Queen,Crimson Knight,1/1/2025,31,7836,9657,21517
90000000000076,Coral Queen,Crimson Knight,2/1/2025,28,6296,7731,17413
90000000000076,Coral Queen,Crimson Knight,3/1/2025,31,6178,7510,17205
90000000000076,Coral Queen,Crimson Knight,4/1/2025,30,5301,6382,14872
90000000000076,Coral Queen,Crimson Knight,5/1/2025,31,5105,6061,14426
90000000000076,Coral Queen,Crimson Knight,6/1/2025,30,4330,5093,12327
90000000000076,Coral Queen,Crimson Knight,7/1/2025,31,4279,4859,12271
90000000000076,Coral Queen,Crimson Knight,8/1/2025,31,3980,4318,11499
90000000000076,Coral Queen,Crimson Knight,9/1/2025,30,3711,4070,10800
90000000000076,Coral Queen,Crimson Knight,10/1/2025,31,2545,2751,7460
90000000000076,Coral Queen,Crimson Knight,11/1/2025,30,2840,2460,8389
90000000000076,Coral Queen,Crimson Knight,12/1/2025,31,2603,2176,7744
90000000000076,Coral Queen,Crimson Knight,1/1/2026,31,2578,2079,7726
90000000000076,Coral Queen,Crimson Knight,2/1/2026,28,2176,1728,6570
90000000000076,Coral Queen,Crimson Knight,3/1/2026,31,1134,1785,3448
90000000000069,Bronze Knight,Slate King,9/1/2021,30,1486,5111,9462
90000000000069,Bronze Knight,Slate King,10/1/2021,31,23857,135145,185750
90000000000069,Bronze Knight,Slate King,11/1/2021,30,22736,0,166005
90000000000069,Bronze Knight,Slate King,12/1/2021,31,19098,103861,139688
90000000000069,Bronze Knight,Slate King,1/1/2022,31,15417,106762,112966
90000000000069,Bronze Knight,Slate King,2/1/2022,28,15241,89625,111867
90000000000069,Bronze Knight,Slate King,3/1/2022,31,13227,79708,97249
90000000000069,Bronze Knight,Slate King,4/1/2022,30,10202,69730,75141
90000000000069,Bronze Knight,Slate King,5/1/2022,31,9549,65042,70455
90000000000069,Bronze Knight,Slate King,6/1/2022,30,7824,52466,57829
90000000000069,Bronze Knight,Slate King,7/1/2022,31,7687,55572,56916
90000000000069,Bronze Knight,Slate King,8/1/2022,31,7828,55177,58064
90000000000069,Bronze Knight,Slate King,9/1/2022,30,6913,49764,51368
90000000000069,Bronze Knight,Slate King,10/1/2022,31,6896,48599,51331
90000000000069,Bronze Knight,Slate King,11/1/2022,30,5559,41375,41452
90000000000069,Bronze Knight,Slate King,12/1/2022,31,6885,41504,51430
90000000000069,Bronze Knight,Slate King,1/1/2023,31,6922,45593,51799
90000000000069,Bronze Knight,Slate King,2/1/2023,28,4813,27619,36078
90000000000069,Bronze Knight,Slate King,3/1/2023,0,0,0,0
90000000000069,Bronze Knight,Slate King,4/1/2023,30,3593,16740,20285
90000000000069,Bronze Knight,Slate King,5/1/2023,31,5671,35309,34254
90000000000069,Bronze Knight,Slate King,6/1/2023,30,4503,32404,27817
90000000000069,Bronze Knight,Slate King,7/1/2023,31,5204,35719,32878
90000000000069,Bronze Knight,Slate King,8/1/2023,31,5225,38301,33774
90000000000069,Bronze Knight,Slate King,9/1/2023,30,5506,41582,36399
90000000000069,Bronze Knight,Slate King,10/1/2023,31,4735,37433,32013
90000000000069,Bronze Knight,Slate King,11/1/2023,30,4478,29243,30963
90000000000069,Bronze Knight,Slate King,12/1/2023,31,5007,36208,35408
90000000000069,Bronze Knight,Slate King,1/1/2024,31,4651,27633,33650
90000000000069,Bronze Knight,Slate King,2/1/2024,29,3932,24233,29084
90000000000069,Bronze Knight,Slate King,3/1/2024,31,4140,26715,31307
90000000000069,Bronze Knight,Slate King,4/1/2024,30,3635,21490,28113
90000000000069,Bronze Knight,Slate King,5/1/2024,31,3584,22632,28348
90000000000069,Bronze Knight,Slate King,6/1/2024,30,3640,23047,29445
90000000000069,Bronze Knight,Slate King,7/1/2024,31,3899,24536,32257
90000000000069,Bronze Knight,Slate King,8/1/2024,31,3431,23835,29041
90000000000069,Bronze Knight,Slate King,9/1/2024,30,3874,24844,33536
90000000000069,Bronze Knight,Slate King,10/1/2024,31,4135,26542,36608
90000000000069,Bronze Knight,Slate King,11/1/2024,30,3392,22370,30713
90000000000069,Bronze Knight,Slate King,12/1/2024,31,3318,20405,30725
90000000000069,Bronze Knight,Slate King,1/1/2025,31,3662,21350,34694
90000000000069,Bronze Knight,Slate King,2/1/2025,28,3198,25489,30964
90000000000069,Bronze Knight,Slate King,3/1/2025,31,3523,22660,34860
90000000000069,Bronze Knight,Slate King,4/1/2025,30,3090,22203,31270
90000000000069,Bronze Knight,Slate King,5/1/2025,31,3012,21599,31173
90000000000069,Bronze Knight,Slate King,6/1/2025,30,2889,20932,30580
90000000000069,Bronze Knight,Slate King,7/1/2025,31,2912,16000,31524
90000000000069,Bronze Knight,Slate King,8/1/2025,31,2023,12944,22406
90000000000069,Bronze Knight,Slate King,9/1/2025,30,2718,21232,30787
90000000000069,Bronze Knight,Slate King,10/1/2025,31,2517,15625,29158
90000000000069,Bronze Knight,Slate King,11/1/2025,30,2396,14932,28387
90000000000069,Bronze Knight,Slate King,12/1/2025,31,6,26,73
90000000000069,Bronze Knight,Slate King,1/1/2026,31,1057,6280,13104
90000000000069,Bronze Knight,Slate King,2/1/2026,28,2442,14509,30939
90000000000069,Bronze Knight,Slate King,3/1/2026,31,1866,22417,24160
90000000000057,Azure King,Slate King,2/1/2026,28,10483,68315,0
90000000000057,Azure King,Slate King,3/1/2026,31,16475,144970,0
90000000000079,White Rook,Gold Pawn,4/1/2022,30,16742,14360,44399
90000000000079,White Rook,Gold Pawn,5/1/2022,31,33252,40133,92760
90000000000079,White Rook,Gold Pawn,6/1/2022,30,25158,31353,71663
90000000000079,White Rook,Gold Pawn,7/1/2022,31,14660,23324,42183
90000000000079,White Rook,Gold Pawn,8/1/2022,31,22446,29855,65256
90000000000079,White Rook,Gold Pawn,9/1/2022,30,18744,25500,55048
90000000000079,White Rook,Gold Pawn,10/1/2022,31,16844,26114,49970
90000000000079,White Rook,Gold Pawn,11/1/2022,30,12817,22769,38410
90000000000079,White Rook,Gold Pawn,12/1/2022,31,15058,28483,45586
90000000000079,White Rook,Gold Pawn,1/1/2023,31,13649,28169,41747
90000000000079,White Rook,Gold Pawn,2/1/2023,28,10957,23961,33842
90000000000079,White Rook,Gold Pawn,3/1/2023,31,11055,25229,34480
90000000000079,White Rook,Gold Pawn,4/1/2023,30,9384,24736,29566
90000000000079,White Rook,Gold Pawn,5/1/2023,31,9395,27604,29904
90000000000079,White Rook,Gold Pawn,6/1/2023,30,8536,26659,27444
90000000000079,White Rook,Gold Pawn,7/1/2023,31,7265,20687,23597
90000000000079,White Rook,Gold Pawn,8/1/2023,31,6520,19955,21396
90000000000079,White Rook,Gold Pawn,9/1/2023,30,6010,16132,19921
90000000000079,White Rook,Gold Pawn,10/1/2023,31,5229,14840,17511
90000000000079,White Rook,Gold Pawn,11/1/2023,30,5084,12951,17197
90000000000079,White Rook,Gold Pawn,12/1/2023,31,4645,10574,15872
90000000000079,White Rook,Gold Pawn,1/1/2024,31,4528,11342,15632
90000000000079,White Rook,Gold Pawn,2/1/2024,29,3913,10374,13645
90000000000079,White Rook,Gold Pawn,3/1/2024,31,3625,11118,12767
90000000000079,White Rook,Gold Pawn,4/1/2024,30,3607,11069,12832
90000000000079,White Rook,Gold Pawn,5/1/2024,31,3631,0,13050
90000000000079,White Rook,Gold Pawn,6/1/2024,30,3184,9244,11559
90000000000079,White Rook,Gold Pawn,7/1/2024,31,2695,7297,9885
90000000000079,White Rook,Gold Pawn,8/1/2024,31,3576,7937,13250
90000000000079,White Rook,Gold Pawn,9/1/2024,30,2913,7993,10904
90000000000079,White Rook,Gold Pawn,10/1/2024,31,3159,9996,11944
90000000000079,White Rook,Gold Pawn,11/1/2024,30,2623,8678,10020
90000000000079,White Rook,Gold Pawn,12/1/2024,31,2541,8117,9803
90000000000079,White Rook,Gold Pawn,1/1/2025,31,1996,7097,7780
90000000000079,White Rook,Gold Pawn,2/1/2025,28,933,2855,3672
90000000000079,White Rook,Gold Pawn,3/1/2025,31,1655,25,6577
90000000000079,White Rook,Gold Pawn,4/1/2025,30,1743,7,6997
90000000000079,White Rook,Gold Pawn,5/1/2025,31,1891,7588,7669
90000000000079,White Rook,Gold Pawn,6/1/2025,30,1698,7777,6957
90000000000079,White Rook,Gold Pawn,7/1/2025,31,1620,7296,6707
90000000000079,White Rook,Gold Pawn,8/1/2025,31,1561,7152,6529
90000000000079,White Rook,Gold Pawn,9/1/2025,30,1435,6926,6064
90000000000079,White Rook,Gold Pawn,10/1/2025,31,1419,5526,6056
90000000000079,White Rook,Gold Pawn,11/1/2025,30,1245,5886,5369
90000000000079,White Rook,Gold Pawn,12/1/2025,31,1082,5140,4714
90000000000079,White Rook,Gold Pawn,1/1/2026,31,1135,3830,4994
90000000000079,White Rook,Gold Pawn,2/1/2026,28,1224,4870,5438
90000000000079,White Rook,Gold Pawn,3/1/2026,31,1558,5917,6993
90000000000026,Purple Pawn,Slate King,9/1/2022,30,1619,2840,8996
90000000000026,Purple Pawn,Slate King,10/1/2022,31,26120,89638,185632
90000000000026,Purple Pawn,Slate King,11/1/2022,30,15574,71824,90558
90000000000026,Purple Pawn,Slate King,12/1/2022,31,16351,56867,95367
90000000000026,Purple Pawn,Slate King,1/1/2023,31,16495,60597,96507
90000000000026,Purple Pawn,Slate King,2/1/2023,28,11436,41070,67107
90000000000026,Purple Pawn,Slate King,3/1/2023,31,13090,52185,77040
90000000000026,Purple Pawn,Slate King,4/1/2023,30,10112,43098,59696
90000000000026,Purple Pawn,Slate King,5/1/2023,31,10343,41120,61246
90000000000026,Purple Pawn,Slate King,6/1/2023,30,7542,29199,44797
90000000000026,Purple Pawn,Slate King,7/1/2023,31,6769,32718,40329
90000000000026,Purple Pawn,Slate King,8/1/2023,31,3356,33825,20057
90000000000026,Purple Pawn,Slate King,9/1/2023,30,5051,32127,30279
90000000000026,Purple Pawn,Slate King,10/1/2023,31,6165,30550,37071
90000000000026,Purple Pawn,Slate King,11/1/2023,30,6529,27542,39380
90000000000026,Purple Pawn,Slate King,12/1/2023,31,6824,30908,41285
90000000000026,Purple Pawn,Slate King,1/1/2024,31,6509,28055,39502
90000000000026,Purple Pawn,Slate King,2/1/2024,29,5261,27097,32025
90000000000026,Purple Pawn,Slate King,3/1/2024,31,5107,26115,31181
90000000000026,Purple Pawn,Slate King,4/1/2024,30,4532,24451,27755
90000000000026,Purple Pawn,Slate King,5/1/2024,31,4294,23616,26378
90000000000026,Purple Pawn,Slate King,6/1/2024,30,3940,22053,24278
90000000000026,Purple Pawn,Slate King,7/1/2024,31,4122,22663,25477
90000000000026,Purple Pawn,Slate King,8/1/2024,31,3993,23192,24756
90000000000026,Purple Pawn,Slate King,9/1/2024,30,3745,20151,23290
90000000000026,Purple Pawn,Slate King,10/1/2024,31,3521,21775,21964
90000000000026,Purple Pawn,Slate King,11/1/2024,30,3617,20899,22632
90000000000026,Purple Pawn,Slate King,12/1/2024,31,3417,21705,21446
90000000000026,Purple Pawn,Slate King,1/1/2025,31,3602,21290,22678
90000000000026,Purple Pawn,Slate King,2/1/2025,28,2584,17342,16317
90000000000026,Purple Pawn,Slate King,3/1/2025,31,2704,23670,17125
90000000000026,Purple Pawn,Slate King,4/1/2025,30,2736,18265,17381
90000000000026,Purple Pawn,Slate King,5/1/2025,31,2955,19193,18829
90000000000026,Purple Pawn,Slate King,6/1/2025,30,3323,16507,21239
90000000000026,Purple Pawn,Slate King,7/1/2025,31,3499,17997,22433
90000000000026,Purple Pawn,Slate King,8/1/2025,31,2845,18088,18297
90000000000026,Purple Pawn,Slate King,9/1/2025,30,2425,16288,15643
90000000000026,Purple Pawn,Slate King,10/1/2025,31,2409,15688,15588
90000000000026,Purple Pawn,Slate King,11/1/2025,30,2651,7802,17206
90000000000026,Purple Pawn,Slate King,12/1/2025,31,3474,19916,22617
90000000000026,Purple Pawn,Slate King,1/1/2026,31,3088,19585,20167
90000000000026,Purple Pawn,Slate King,2/1/2026,28,2418,17463,15838
90000000000026,Purple Pawn,Slate King,3/1/2026,31,2502,19530,16437
90000000000006,Teal Rook,Slate King,9/1/2022,30,827,1571,6397
90000000000006,Teal Rook,Slate King,10/1/2022,31,20595,65948,189363
90000000000006,Teal Rook,Slate King,11/1/2022,30,12601,46533,100473
90000000000006,Teal Rook,Slate King,12/1/2022,31,11790,46707,93254
90000000000006,Teal Rook,Slate King,1/1/2023,31,10715,50273,84061
90000000000006,Teal Rook,Slate King,2/1/2023,28,6507,30967,50653
90000000000006,Teal Rook,Slate King,3/1/2023,31,4817,21272,37207
90000000000006,Teal Rook,Slate King,4/1/2023,30,6265,33696,48004
90000000000006,Teal Rook,Slate King,5/1/2023,31,2731,17400,20758
90000000000006,Teal Rook,Slate King,6/1/2023,30,4042,26311,30477
90000000000006,Teal Rook,Slate King,7/1/2023,31,6784,37032,50742
90000000000006,Teal Rook,Slate King,8/1/2023,31,6907,29817,51242
90000000000006,Teal Rook,Slate King,9/1/2023,30,5719,28314,42088
90000000000006,Teal Rook,Slate King,10/1/2023,31,5167,25474,37721
90000000000006,Teal Rook,Slate King,11/1/2023,30,3786,19781,27418
90000000000006,Teal Rook,Slate King,12/1/2023,31,3797,22341,27278
90000000000006,Teal Rook,Slate King,1/1/2024,31,3736,23639,26621
90000000000006,Teal Rook,Slate King,2/1/2024,29,3553,22274,25117
90000000000006,Teal Rook,Slate King,3/1/2024,31,3758,21509,26358
90000000000006,Teal Rook,Slate King,4/1/2024,30,3271,19887,22758
90000000000006,Teal Rook,Slate King,5/1/2024,31,3180,20743,21948
90000000000006,Teal Rook,Slate King,6/1/2024,30,3385,20181,23176
90000000000006,Teal Rook,Slate King,7/1/2024,31,3114,21028,21149
90000000000006,Teal Rook,Slate King,8/1/2024,31,3025,20374,20378
90000000000006,Teal Rook,Slate King,9/1/2024,30,2628,17956,17562
90000000000006,Teal Rook,Slate King,10/1/2024,31,2963,19764,19642
90000000000006,Teal Rook,Slate King,11/1/2024,30,2863,18497,18827
90000000000006,Teal Rook,Slate King,12/1/2024,31,2769,19380,18063
90000000000006,Teal Rook,Slate King,1/1/2025,31,2708,19073,17521
90000000000006,Teal Rook,Slate King,2/1/2025,28,2279,14424,14631
90000000000006,Teal Rook,Slate King,3/1/2025,31,2230,14963,14206
90000000000006,Teal Rook,Slate King,4/1/2025,30,2338,15752,14775
90000000000006,Teal Rook,Slate King,5/1/2025,31,2095,14268,13133
90000000000006,Teal Rook,Slate King,6/1/2025,30,2427,14859,15092
90000000000006,Teal Rook,Slate King,7/1/2025,31,2314,15705,14274
90000000000006,Teal Rook,Slate King,8/1/2025,31,2122,15906,12984
90000000000006,Teal Rook,Slate King,9/1/2025,30,1874,15965,11374
90000000000006,Teal Rook,Slate King,10/1/2025,31,2097,17335,12626
90000000000006,Teal Rook,Slate King,11/1/2025,30,2265,17320,13528
90000000000006,Teal Rook,Slate King,12/1/2025,31,2133,15398,12638
90000000000006,Teal Rook,Slate King,1/1/2026,31,1788,15280,10507
90000000000006,Teal Rook,Slate King,2/1/2026,28,1498,12519,8735
90000000000006,Teal Rook,Slate King,3/1/2026,31,1923,16685,11126
90000000000080,Olive Pawn,Crimson Knight,12/1/2023,31,13916,56462,27169
90000000000080,Olive Pawn,Crimson Knight,1/1/2024,31,21103,87206,113700
90000000000080,Olive Pawn,Crimson Knight,2/1/2024,29,13999,66792,74072
90000000000080,Olive Pawn,Crimson Knight,3/1/2024,31,9795,41829,50900
90000000000080,Olive Pawn,Crimson Knight,4/1/2024,30,9775,44771,49871
90000000000080,Olive Pawn,Crimson Knight,5/1/2024,31,8740,41801,43778
90000000000080,Olive Pawn,Crimson Knight,6/1/2024,30,5836,27362,28700
90000000000080,Olive Pawn,Crimson Knight,7/1/2024,0,0,0,0
90000000000080,Olive Pawn,Crimson Knight,8/1/2024,31,1149,3661,5445
90000000000080,Olive Pawn,Crimson Knight,9/1/2024,30,11001,59373,51182
90000000000080,Olive Pawn,Crimson Knight,10/1/2024,31,9367,49506,42786
90000000000080,Olive Pawn,Crimson Knight,11/1/2024,30,7885,44704,35361
90000000000080,Olive Pawn,Crimson Knight,12/1/2024,31,7198,38663,31692
90000000000080,Olive Pawn,Crimson Knight,1/1/2025,31,6950,42912,30034
90000000000080,Olive Pawn,Crimson Knight,2/1/2025,28,5951,39457,25263
90000000000080,Olive Pawn,Crimson Knight,3/1/2025,31,6188,39679,25807
90000000000080,Olive Pawn,Crimson Knight,4/1/2025,30,5583,35595,22859
90000000000080,Olive Pawn,Crimson Knight,5/1/2025,31,5397,35830,21696
90000000000080,Olive Pawn,Crimson Knight,6/1/2025,30,5043,34385,19903
90000000000080,Olive Pawn,Crimson Knight,7/1/2025,31,5089,34997,19719
90000000000080,Olive Pawn,Crimson Knight,8/1/2025,31,4781,32959,18183
90000000000080,Olive Pawn,Crimson Knight,9/1/2025,30,4346,30672,16227
90000000000080,Olive Pawn,Crimson Knight,10/1/2025,31,4212,30153,15441
90000000000080,Olive Pawn,Crimson Knight,11/1/2025,30,3057,22690,11002
90000000000080,Olive Pawn,Crimson Knight,12/1/2025,31,3510,24730,12403
90000000000080,Olive Pawn,Crimson Knight,1/1/2026,31,2561,15377,8882
90000000000080,Olive Pawn,Crimson Knight,2/1/2026,28,3530,26199,12027
90000000000080,Olive Pawn,Crimson Knight,3/1/2026,31,3567,28331,11939
90000000000018,Olive Bishop,Slate King,4/1/2020,30,19865,110632,119210
90000000000018,Olive Bishop,Slate King,5/1/2020,31,16583,82771,99003
90000000000018,Olive Bishop,Slate King,6/1/2020,30,31664,198452,183975
90000000000018,Olive Bishop,Slate King,7/1/2020,31,22984,151143,135528
90000000000018,Olive Bishop,Slate King,8/1/2020,31,20328,137783,119115
90000000000018,Olive Bishop,Slate King,9/1/2020,30,17086,119428,99499
90000000000018,Olive Bishop,Slate King,10/1/2020,31,15274,109347,88398
90000000000018,Olive Bishop,Slate King,11/1/2020,30,13787,99143,79300
90000000000018,Olive Bishop,Slate King,12/1/2020,31,12826,93046,73317
90000000000018,Olive Bishop,Slate King,1/1/2021,31,11286,84832,64109
90000000000018,Olive Bishop,Slate King,2/1/2021,28,9265,68938,52314
90000000000018,Olive Bishop,Slate King,3/1/2021,31,12180,101183,68363
90000000000018,Olive Bishop,Slate King,4/1/2021,30,3631,24729,20253
90000000000018,Olive Bishop,Slate King,5/1/2021,31,9816,50661,54417
90000000000018,Olive Bishop,Slate King,6/1/2021,30,10535,65484,58042
90000000000018,Olive Bishop,Slate King,7/1/2021,31,10497,66256,57474
90000000000018,Olive Bishop,Slate King,8/1/2021,31,8432,53107,45879
90000000000018,Olive Bishop,Slate King,9/1/2021,30,8381,53792,45318
90000000000018,Olive Bishop,Slate King,10/1/2021,31,8245,53947,44311
90000000000018,Olive Bishop,Slate King,11/1/2021,30,7707,49047,41161
90000000000018,Olive Bishop,Slate King,12/1/2021,31,7587,48392,40269
90000000000018,Olive Bishop,Slate King,1/1/2022,31,6852,42970,36143
90000000000018,Olive Bishop,Slate King,2/1/2022,28,6133,36774,32154
90000000000018,Olive Bishop,Slate King,3/1/2022,31,6444,38797,33586
90000000000018,Olive Bishop,Slate King,4/1/2022,30,5751,37975,29788
90000000000018,Olive Bishop,Slate King,5/1/2022,31,6536,46972,33647
90000000000018,Olive Bishop,Slate King,6/1/2022,30,5823,41403,29791
90000000000018,Olive Bishop,Slate King,7/1/2022,31,6008,41173,30545
90000000000018,Olive Bishop,Slate King,8/1/2022,31,5630,37934,28446
90000000000018,Olive Bishop,Slate King,9/1/2022,30,5461,39906,27420
90000000000018,Olive Bishop,Slate King,10/1/2022,31,5535,39366,27620
90000000000018,Olive Bishop,Slate King,11/1/2022,30,4375,30506,21695
90000000000018,Olive Bishop,Slate King,12/1/2022,31,5003,33218,24657
90000000000018,Olive Bishop,Slate King,1/1/2023,31,5053,36724,24750
90000000000018,Olive Bishop,Slate King,2/1/2023,28,4525,33750,22033
90000000000018,Olive Bishop,Slate King,3/1/2023,31,2795,16964,13528
90000000000018,Olive Bishop,Slate King,4/1/2023,30,3424,28746,16467
90000000000018,Olive Bishop,Slate King,5/1/2023,31,5036,43626,24072
90000000000018,Olive Bishop,Slate King,6/1/2023,30,4394,39250,20874
90000000000018,Olive Bishop,Slate King,7/1/2023,31,4525,42872,21365
90000000000018,Olive Bishop,Slate King,8/1/2023,31,4381,37187,20552
90000000000018,Olive Bishop,Slate King,9/1/2023,30,3723,27538,17360
90000000000018,Olive Bishop,Slate King,10/1/2023,31,3847,27225,17824
90000000000018,Olive Bishop,Slate King,11/1/2023,30,3928,27265,18090
90000000000018,Olive Bishop,Slate King,12/1/2023,31,4112,30063,18818
90000000000018,Olive Bishop,Slate King,1/1/2024,31,3693,27891,16796
90000000000018,Olive Bishop,Slate King,2/1/2024,29,3933,27096,17781
90000000000018,Olive Bishop,Slate King,3/1/2024,31,3827,27126,17195
90000000000018,Olive Bishop,Slate King,4/1/2024,30,3771,25757,16837
90000000000018,Olive Bishop,Slate King,5/1/2024,31,3738,28321,16590
90000000000018,Olive Bishop,Slate King,6/1/2024,30,3412,25163,15049
90000000000018,Olive Bishop,Slate King,7/1/2024,31,4125,28308,18082
90000000000018,Olive Bishop,Slate King,8/1/2024,31,3720,27584,16201
90000000000018,Olive Bishop,Slate King,9/1/2024,30,3684,26940,15947
90000000000018,Olive Bishop,Slate King,10/1/2024,31,3457,26205,14870
90000000000018,Olive Bishop,Slate King,11/1/2024,30,3708,25656,15851
90000000000018,Olive Bishop,Slate King,12/1/2024,31,3778,27350,16051
90000000000018,Olive Bishop,Slate King,1/1/2025,31,3412,24201,14407
90000000000018,Olive Bishop,Slate King,2/1/2025,28,2727,20479,11443
90000000000018,Olive Bishop,Slate King,3/1/2025,31,3731,27765,15564
90000000000018,Olive Bishop,Slate King,4/1/2025,30,3391,25713,14061
90000000000018,Olive Bishop,Slate King,5/1/2025,31,3479,27027,14334
90000000000018,Olive Bishop,Slate King,6/1/2025,30,3014,21132,12343
90000000000018,Olive Bishop,Slate King,7/1/2025,31,3970,27240,16158
90000000000018,Olive Bishop,Slate King,8/1/2025,31,3622,26515,14648
90000000000018,Olive Bishop,Slate King,9/1/2025,30,3419,26492,13743
90000000000018,Olive Bishop,Slate King,10/1/2025,31,3356,24443,13406
90000000000018,Olive Bishop,Slate King,11/1/2025,30,3293,23745,13072
90000000000018,Olive Bishop,Slate King,12/1/2025,31,3788,25329,14946
90000000000018,Olive Bishop,Slate King,1/1/2026,31,3814,23271,14952
90000000000018,Olive Bishop,Slate King,2/1/2026,28,3862,23131,15053
90000000000018,Olive Bishop,Slate King,3/1/2026,31,3474,25322,13457
90000000000044,Coral King,Slate King,6/1/2024,30,8959,22957,45079
90000000000044,Coral King,Slate King,7/1/2024,31,45347,121404,155723
90000000000044,Coral King,Slate King,8/1/2024,31,48470,135096,179880
90000000000044,Coral King,Slate King,9/1/2024,30,30036,98062,121395
90000000000044,Coral King,Slate King,10/1/2024,31,30768,94096,132098
90000000000044,Coral King,Slate King,11/1/2024,30,23984,69601,102642
90000000000044,Coral King,Slate King,12/1/2024,31,23011,73939,98163
90000000000044,Coral King,Slate King,1/1/2025,31,19245,59575,81830
90000000000044,Coral King,Slate King,2/1/2025,28,14624,48207,61989
90000000000044,Coral King,Slate King,3/1/2025,31,16934,56981,71559
90000000000044,Coral King,Slate King,4/1/2025,30,14645,55965,61688
90000000000044,Coral King,Slate King,5/1/2025,31,14274,53632,59933
90000000000044,Coral King,Slate King,6/1/2025,30,12390,44072,51856
90000000000044,Coral King,Slate King,7/1/2025,31,14915,45687,62224
90000000000044,Coral King,Slate King,8/1/2025,31,17642,40173,73361
90000000000044,Coral King,Slate King,9/1/2025,30,17765,37801,73636
90000000000044,Coral King,Slate King,10/1/2025,31,10777,52154,44528
90000000000044,Coral King,Slate King,11/1/2025,30,9492,44555,39093
90000000000044,Coral King,Slate King,12/1/2025,31,9829,41644,40351
90000000000044,Coral King,Slate King,1/1/2026,31,7820,30466,31999
90000000000044,Coral King,Slate King,2/1/2026,28,6933,25731,28282
90000000000044,Coral King,Slate King,3/1/2026,31,9244,39858,37592
90000000000050,Amber King,Crimson Knight,1/1/2021,31,845,846,0
90000000000050,Amber King,Crimson Knight,2/1/2021,28,4251,7400,0
90000000000050,Amber King,Crimson Knight,3/1/2021,31,11992,19611,0
90000000000050,Amber King,Crimson Knight,4/1/2021,30,12114,21194,0
90000000000050,Amber King,Crimson Knight,5/1/2021,31,12641,23784,0
90000000000050,Amber King,Crimson Knight,6/1/2021,30,12866,25111,0
90000000000050,Amber King,Crimson Knight,7/1/2021,31,11974,25010,0
90000000000050,Amber King,Crimson Knight,8/1/2021,31,11645,25074,0
90000000000050,Amber King,Crimson Knight,9/1/2021,30,10287,22402,0
90000000000050,Amber King,Crimson Knight,10/1/2021,31,8304,18632,0
90000000000050,Amber King,Crimson Knight,11/1/2021,30,7017,15370,0
90000000000050,Amber King,Crimson Knight,12/1/2021,31,6505,14277,0
90000000000050,Amber King,Crimson Knight,1/1/2022,31,1752,3728,0
90000000000050,Amber King,Crimson Knight,2/1/2022,28,6391,12983,0
90000000000050,Amber King,Crimson Knight,3/1/2022,31,11612,24584,0
90000000000050,Amber King,Crimson Knight,4/1/2022,30,8731,21840,0
90000000000050,Amber King,Crimson Knight,5/1/2022,31,5802,14025,0
90000000000050,Amber King,Crimson Knight,6/1/2022,30,7244,16191,0
90000000000050,Amber King,Crimson Knight,7/1/2022,31,5273,14937,0
90000000000050,Amber King,Crimson Knight,8/1/2022,31,5209,14318,0
90000000000050,Amber King,Crimson Knight,9/1/2022,30,4299,12475,0
90000000000050,Amber King,Crimson Knight,10/1/2022,31,4616,12352,0
90000000000050,Amber King,Crimson Knight,11/1/2022,30,4467,11392,0
90000000000050,Amber King,Crimson Knight,12/1/2022,31,4305,11749,0
90000000000050,Amber King,Crimson Knight,1/1/2023,31,3864,11009,0
90000000000050,Amber King,Crimson Knight,2/1/2023,28,4160,11222,0
90000000000050,Amber King,Crimson Knight,3/1/2023,31,3947,11295,0
90000000000050,Amber King,Crimson Knight,4/1/2023,30,3617,11540,0
90000000000050,Amber King,Crimson Knight,5/1/2023,31,3696,11397,0
90000000000050,Amber King,Crimson Knight,6/1/2023,30,3570,10741,0
90000000000050,Amber King,Crimson Knight,7/1/2023,31,3443,10279,0
90000000000050,Amber King,Crimson Knight,8/1/2023,31,3482,10375,0
90000000000050,Amber King,Crimson Knight,9/1/2023,30,3198,9846,0
90000000000050,Amber King,Crimson Knight,10/1/2023,31,3092,9496,0
90000000000050,Amber King,Crimson Knight,11/1/2023,30,2916,8737,0
90000000000050,Amber King,Crimson Knight,12/1/2023,31,3138,9042,0
90000000000050,Amber King,Crimson Knight,1/1/2024,31,2920,5163,0
90000000000050,Amber King,Crimson Knight,2/1/2024,29,2826,8454,0
90000000000050,Amber King,Crimson Knight,3/1/2024,31,2852,8903,0
90000000000050,Amber King,Crimson Knight,4/1/2024,30,2618,8532,0
90000000000050,Amber King,Crimson Knight,5/1/2024,31,2910,9051,0
90000000000050,Amber King,Crimson Knight,6/1/2024,30,2569,8940,0
90000000000050,Amber King,Crimson Knight,7/1/2024,31,2384,6124,0
90000000000050,Amber King,Crimson Knight,8/1/2024,31,2820,8723,0
90000000000050,Amber King,Crimson Knight,9/1/2024,30,2512,7929,0
90000000000050,Amber King,Crimson Knight,10/1/2024,31,1820,6922,0
90000000000050,Amber King,Crimson Knight,11/1/2024,30,2393,7479,0
90000000000050,Amber King,Crimson Knight,12/1/2024,31,2425,8609,0
90000000000050,Amber King,Crimson Knight,1/1/2025,31,1547,5418,0
90000000000050,Amber King,Crimson Knight,2/1/2025,28,2808,10353,0
90000000000050,Amber King,Crimson Knight,3/1/2025,31,2389,11431,0
90000000000050,Amber King,Crimson Knight,4/1/2025,30,2170,9203,0
90000000000050,Amber King,Crimson Knight,5/1/2025,31,2302,9203,0
90000000000050,Amber King,Crimson Knight,6/1/2025,30,2043,9716,0
90000000000050,Amber King,Crimson Knight,7/1/2025,31,2173,9435,0
90000000000050,Amber King,Crimson Knight,8/1/2025,31,2173,9435,0
90000000000050,Amber King,Crimson Knight,9/1/2025,30,1125,2922,0
90000000000050,Amber King,Crimson Knight,10/1/2025,31,2361,8430,0
90000000000050,Amber King,Crimson Knight,11/1/2025,30,1146,4370,0
90000000000050,Amber King,Crimson Knight,12/1/2025,31,2197,8477,0
90000000000050,Amber King,Crimson Knight,1/1/2026,31,1620,8029,0
90000000000050,Amber King,Crimson Knight,2/1/2026,28,1725,7741,0
90000000000050,Amber King,Crimson Knight,3/1/2026,31,1056,4817,0
90000000000066,White King,Slate King,2/1/2026,28,16414,72527,0
90000000000066,White King,Slate King,3/1/2026,31,15127,71853,0
90000000000019,Teal Queen,Slate King,9/1/2021,30,456,3242,2550
90000000000019,Teal Queen,Slate King,10/1/2021,31,25374,174702,180501
90000000000019,Teal Queen,Slate King,11/1/2021,30,28265,0,170847
90000000000019,Teal Queen,Slate King,12/1/2021,31,23385,116802,144452
90000000000019,Teal Queen,Slate King,1/1/2022,31,15306,108923,96656
90000000000019,Teal Queen,Slate King,2/1/2022,28,14832,91730,95651
90000000000019,Teal Queen,Slate King,3/1/2022,31,14981,94465,98661
90000000000019,Teal Queen,Slate King,4/1/2022,30,12758,73316,85865
90000000000019,Teal Queen,Slate King,5/1/2022,31,14100,82408,96979
90000000000019,Teal Queen,Slate King,6/1/2022,30,11995,69299,84312
90000000000019,Teal Queen,Slate King,7/1/2022,31,12330,74865,88568
90000000000019,Teal Queen,Slate King,8/1/2022,31,11140,69877,81806
90000000000019,Teal Queen,Slate King,9/1/2022,30,9874,66791,74101
90000000000019,Teal Queen,Slate King,10/1/2022,31,9341,66066,71639
90000000000019,Teal Queen,Slate King,11/1/2022,30,8215,54168,64386
90000000000019,Teal Queen,Slate King,12/1/2022,31,8401,56479,67288
90000000000019,Teal Queen,Slate King,1/1/2023,31,9133,61661,74783
90000000000019,Teal Queen,Slate King,2/1/2023,28,7562,50007,63234
90000000000019,Teal Queen,Slate King,3/1/2023,31,9583,67464,81834
90000000000019,Teal Queen,Slate King,4/1/2023,30,8386,60779,73184
90000000000019,Teal Queen,Slate King,5/1/2023,31,7901,51856,70464
90000000000019,Teal Queen,Slate King,6/1/2023,30,6578,45254,59953
90000000000019,Teal Queen,Slate King,7/1/2023,31,7232,48075,67360
90000000000019,Teal Queen,Slate King,8/1/2023,31,6214,39069,59169
90000000000019,Teal Queen,Slate King,9/1/2023,30,6809,45190,66258
90000000000019,Teal Queen,Slate King,10/1/2023,31,6784,49147,67463
90000000000019,Teal Queen,Slate King,11/1/2023,30,5050,36242,51322
90000000000019,Teal Queen,Slate King,12/1/2023,31,6580,47552,68338
90000000000019,Teal Queen,Slate King,1/1/2024,31,5282,31406,56081
90000000000019,Teal Queen,Slate King,2/1/2024,29,4946,37337,53647
90000000000019,Teal Queen,Slate King,3/1/2024,31,5180,34291,57398
90000000000019,Teal Queen,Slate King,4/1/2024,30,4310,30638,48806
90000000000019,Teal Queen,Slate King,5/1/2024,31,3556,24865,41151
90000000000019,Teal Queen,Slate King,6/1/2024,30,4447,28948,52592
90000000000019,Teal Queen,Slate King,7/1/2024,31,5841,42903,70593
90000000000019,Teal Queen,Slate King,8/1/2024,31,3512,23571,43392
90000000000019,Teal Queen,Slate King,9/1/2024,30,2841,15640,35872
90000000000019,Teal Queen,Slate King,10/1/2024,31,2707,15679,34930
90000000000019,Teal Queen,Slate King,11/1/2024,30,1871,10522,24673
90000000000019,Teal Queen,Slate King,12/1/2024,31,2237,12112,30146
90000000000019,Teal Queen,Slate King,1/1/2025,31,1742,11227,23999
90000000000019,Teal Queen,Slate King,2/1/2025,28,1462,8966,20569
90000000000019,Teal Queen,Slate King,3/1/2025,31,2583,17483,37112
90000000000019,Teal Queen,Slate King,4/1/2025,30,2029,14625,29792
90000000000019,Teal Queen,Slate King,5/1/2025,31,3081,24896,46231
90000000000019,Teal Queen,Slate King,6/1/2025,30,2078,17141,31865
90000000000019,Teal Queen,Slate King,7/1/2025,31,1973,12473,30919
90000000000019,Teal Queen,Slate King,8/1/2025,31,1318,10642,21115
90000000000019,Teal Queen,Slate King,9/1/2025,30,1704,13275,27899
90000000000019,Teal Queen,Slate King,10/1/2025,31,1486,9419,24863
90000000000019,Teal Queen,Slate King,11/1/2025,30,2590,17198,44286
90000000000019,Teal Queen,Slate King,12/1/2025,31,697,6873,12179
90000000000019,Teal Queen,Slate King,1/1/2026,31,2982,23812,53270
90000000000019,Teal Queen,Slate King,2/1/2026,28,2320,21133,42324
90000000000019,Teal Queen,Slate King,3/1/2026,31,2774,22532,51680
90000000000040,Amber Rook,Gold Pawn,4/1/2022,30,5761,7796,13055
90000000000040,Amber Rook,Gold Pawn,5/1/2022,31,46750,50364,110392
90000000000040,Amber Rook,Gold Pawn,6/1/2022,30,33059,36002,79887
90000000000040,Amber Rook,Gold Pawn,7/1/2022,31,21215,26861,51881
90000000000040,Amber Rook,Gold Pawn,8/1/2022,31,31670,35262,78397
90000000000040,Amber Rook,Gold Pawn,9/1/2022,30,27228,30876,68210
90000000000040,Amber Rook,Gold Pawn,10/1/2022,31,25189,32414,63861
90000000000040,Amber Rook,Gold Pawn,11/1/2022,30,19733,28972,50630
90000000000040,Amber Rook,Gold Pawn,12/1/2022,31,23868,37154,61975
90000000000040,Amber Rook,Gold Pawn,1/1/2023,31,22283,37684,58568
90000000000040,Amber Rook,Gold Pawn,2/1/2023,28,18399,32834,48920
90000000000040,Amber Rook,Gold Pawn,3/1/2023,31,19093,35412,51355
90000000000040,Amber Rook,Gold Pawn,4/1/2023,30,16685,35592,45418
90000000000040,Amber Rook,Gold Pawn,5/1/2023,31,17199,40718,47380
90000000000040,Amber Rook,Gold Pawn,6/1/2023,30,16087,40313,44849
90000000000040,Amber Rook,Gold Pawn,7/1/2023,31,14096,32069,39772
90000000000040,Amber Rook,Gold Pawn,8/1/2023,31,13030,31724,37213
90000000000040,Amber Rook,Gold Pawn,9/1/2023,30,12365,26291,35737
90000000000040,Amber Rook,Gold Pawn,10/1/2023,31,11076,24793,32399
90000000000040,Amber Rook,Gold Pawn,11/1/2023,30,11087,22181,32818
90000000000040,Amber Rook,Gold Pawn,12/1/2023,31,10428,18566,31240
90000000000040,Amber Rook,Gold Pawn,1/1/2024,31,10470,20423,31749
90000000000040,Amber Rook,Gold Pawn,2/1/2024,29,9312,19142,28570
90000000000040,Amber Rook,Gold Pawn,3/1/2024,31,8877,21022,27557
90000000000040,Amber Rook,Gold Pawn,4/1/2024,30,9093,21455,28568
90000000000040,Amber Rook,Gold Pawn,5/1/2024,31,9424,0,29965
90000000000040,Amber Rook,Gold Pawn,6/1/2024,30,8508,18831,27375
90000000000040,Amber Rook,Gold Pawn,7/1/2024,31,7414,15239,24145
90000000000040,Amber Rook,Gold Pawn,8/1/2024,31,10132,16998,33399
90000000000040,Amber Rook,Gold Pawn,9/1/2024,30,8498,17549,28347
90000000000040,Amber Rook,Gold Pawn,10/1/2024,31,9486,22496,32025
90000000000040,Amber Rook,Gold Pawn,11/1/2024,30,8111,20022,27711
90000000000040,Amber Rook,Gold Pawn,12/1/2024,31,8087,19198,27961
90000000000040,Amber Rook,Gold Pawn,1/1/2025,31,6543,17214,22900
90000000000040,Amber Rook,Gold Pawn,2/1/2025,28,3146,7094,11137
90000000000040,Amber Rook,Gold Pawn,3/1/2025,31,5738,64,20553
90000000000040,Amber Rook,Gold Pawn,4/1/2025,30,6222,18,22552
90000000000040,Amber Rook,Gold Pawn,5/1/2025,31,6950,20294,25494
90000000000040,Amber Rook,Gold Pawn,6/1/2025,30,6425,21325,23853
90000000000040,Amber Rook,Gold Pawn,7/1/2025,31,6313,20507,23719
90000000000040,Amber Rook,Gold Pawn,8/1/2025,31,6265,20617,23824
90000000000040,Amber Rook,Gold Pawn,9/1/2025,30,5930,20468,22822
90000000000040,Amber Rook,Gold Pawn,10/1/2025,31,6036,16741,23508
90000000000040,Amber Rook,Gold Pawn,11/1/2025,30,5454,18281,21497
90000000000040,Amber Rook,Gold Pawn,12/1/2025,31,4880,16362,19466
90000000000040,Amber Rook,Gold Pawn,1/1/2026,31,5271,12505,21282
90000000000040,Amber Rook,Gold Pawn,2/1/2026,28,5846,16288,23878
90000000000040,Amber Rook,Gold Pawn,3/1/2026,31,7656,20270,31635
90000000000084,Cyan Knight,Crimson Knight,6/1/2024,30,5970,47261,26286
90000000000084,Cyan Knight,Crimson Knight,7/1/2024,31,10820,112887,51463
90000000000084,Cyan Knight,Crimson Knight,8/1/2024,31,7504,85255,38518
90000000000084,Cyan Knight,Crimson Knight,9/1/2024,30,6830,82417,37789
90000000000084,Cyan Knight,Crimson Knight,10/1/2024,31,5998,76984,35769
90000000000084,Cyan Knight,Crimson Knight,11/1/2024,30,5095,68359,32751
90000000000084,Cyan Knight,Crimson Knight,12/1/2024,31,5377,72056,39647
90000000000084,Cyan Knight,Crimson Knight,1/1/2025,31,4677,66300,35537
90000000000084,Cyan Knight,Crimson Knight,2/1/2025,28,4000,57621,29424
90000000000084,Cyan Knight,Crimson Knight,3/1/2025,31,3703,56296,26373
90000000000084,Cyan Knight,Crimson Knight,4/1/2025,30,3542,52456,24396
90000000000084,Cyan Knight,Crimson Knight,5/1/2025,31,3316,52456,22088
90000000000084,Cyan Knight,Crimson Knight,6/1/2025,30,3167,49050,20401
90000000000084,Cyan Knight,Crimson Knight,7/1/2025,31,3056,48852,19039
90000000000084,Cyan Knight,Crimson Knight,8/1/2025,31,3062,48852,18439
90000000000084,Cyan Knight,Crimson Knight,9/1/2025,30,2492,41686,14512
90000000000084,Cyan Knight,Crimson Knight,10/1/2025,31,2363,39685,13308
90000000000084,Cyan Knight,Crimson Knight,11/1/2025,30,2531,39309,13785
90000000000084,Cyan Knight,Crimson Knight,12/1/2025,31,2890,35131,15223
90000000000084,Cyan Knight,Crimson Knight,1/1/2026,31,2599,25781,13232
90000000000084,Cyan Knight,Crimson Knight,2/1/2026,28,1546,30778,7620
90000000000084,Cyan Knight,Crimson Knight,3/1/2026,31,1570,27993,7493
90000000000085,Green King,Slate King,9/1/2020,30,2233,5538,16395
90000000000085,Green King,Slate King,10/1/2020,31,13321,75397,129105
90000000000085,Green King,Slate King,11/1/2020,30,3467,20600,25223
90000000000085,Green King,Slate King,12/1/2020,31,8369,51319,59910
90000000000085,Green King,Slate King,1/1/2021,31,6715,42789,47287
90000000000085,Green King,Slate King,2/1/2021,28,3862,24858,26770
90000000000085,Green King,Slate King,3/1/2021,31,5380,34123,36716
90000000000085,Green King,Slate King,4/1/2021,30,4133,27751,27756
90000000000085,Green King,Slate King,5/1/2021,31,3911,25849,25842
90000000000085,Green King,Slate King,6/1/2021,30,2944,19728,19142
90000000000085,Green King,Slate King,7/1/2021,31,2980,19889,19059
90000000000085,Green King,Slate King,8/1/2021,31,2998,19600,18863
90000000000085,Green King,Slate King,9/1/2021,30,2872,19644,17781
90000000000085,Green King,Slate King,10/1/2021,31,2646,18613,16117
90000000000085,Green King,Slate King,11/1/2021,30,2748,17823,16473
90000000000085,Green King,Slate King,12/1/2021,31,2622,16793,15462
90000000000085,Green King,Slate King,1/1/2022,31,2183,11876,12667
90000000000085,Green King,Slate King,2/1/2022,28,2265,13727,12938
90000000000085,Green King,Slate King,3/1/2022,31,2619,16331,14727
90000000000085,Green King,Slate King,4/1/2022,30,2400,15130,13277
90000000000085,Green King,Slate King,5/1/2022,31,2305,14877,12547
90000000000085,Green King,Slate King,6/1/2022,30,1825,12548,9777
90000000000085,Green King,Slate King,7/1/2022,31,1726,10736,9096
90000000000085,Green King,Slate King,8/1/2022,31,2030,13524,10524
90000000000085,Green King,Slate King,9/1/2022,30,2488,15418,12691
90000000000085,Green King,Slate King,10/1/2022,31,2417,14117,12132
90000000000085,Green King,Slate King,11/1/2022,30,1950,10453,9631
90000000000085,Green King,Slate King,12/1/2022,31,2160,11644,10495
90000000000085,Green King,Slate King,1/1/2023,31,2319,12917,11087
90000000000085,Green King,Slate King,2/1/2023,28,2124,11367,9993
90000000000085,Green King,Slate King,3/1/2023,31,2394,12862,11089
90000000000085,Green King,Slate King,4/1/2023,30,2138,11240,9747
90000000000085,Green King,Slate King,5/1/2023,31,2307,12327,10349
90000000000085,Green King,Slate King,6/1/2023,30,2094,10638,9239
90000000000085,Green King,Slate King,7/1/2023,31,2175,11860,9442
90000000000085,Green King,Slate King,8/1/2023,31,2134,11825,9115
90000000000085,Green King,Slate King,9/1/2023,30,1949,11548,8191
90000000000085,Green King,Slate King,10/1/2023,31,1841,10148,7612
90000000000085,Green King,Slate King,11/1/2023,30,1036,4773,4216
90000000000085,Green King,Slate King,12/1/2023,31,1942,11320,7775
90000000000085,Green King,Slate King,1/1/2024,31,804,3013,3165
90000000000085,Green King,Slate King,2/1/2024,29,1914,9701,7417
90000000000085,Green King,Slate King,3/1/2024,31,2335,12445,8906
90000000000085,Green King,Slate King,4/1/2024,30,2341,13360,8789
90000000000085,Green King,Slate King,5/1/2024,31,2391,13787,8829
90000000000085,Green King,Slate King,6/1/2024,30,2375,13575,8629
90000000000085,Green King,Slate King,7/1/2024,31,2395,13416,8564
90000000000085,Green King,Slate King,8/1/2024,31,2441,14008,8586
90000000000085,Green King,Slate King,9/1/2024,30,2077,11118,7189
90000000000085,Green King,Slate King,10/1/2024,31,2474,13406,8426
90000000000085,Green King,Slate King,11/1/2024,30,2321,12034,7776
90000000000085,Green King,Slate King,12/1/2024,31,2079,10950,6856
90000000000085,Green King,Slate King,1/1/2025,31,2495,12484,8092
90000000000085,Green King,Slate King,2/1/2025,28,2236,11696,7139
90000000000085,Green King,Slate King,3/1/2025,31,2517,13120,7912
90000000000085,Green King,Slate King,4/1/2025,30,2348,11773,7261
90000000000085,Green King,Slate King,5/1/2025,31,2463,12350,7495
90000000000085,Green King,Slate King,6/1/2025,30,2334,11856,6987
90000000000085,Green King,Slate King,7/1/2025,31,2245,11469,6613
90000000000085,Green King,Slate King,8/1/2025,31,2203,11244,6384
90000000000085,Green King,Slate King,9/1/2025,30,2352,11635,6708
90000000000085,Green King,Slate King,10/1/2025,31,2341,0,6568
90000000000085,Green King,Slate King,11/1/2025,30,2200,9893,6074
90000000000085,Green King,Slate King,12/1/2025,31,2289,9807,6218
90000000000085,Green King,Slate King,1/1/2026,31,2187,9053,5845
90000000000085,Green King,Slate King,2/1/2026,28,2100,8339,5523
90000000000085,Green King,Slate King,3/1/2026,31,2236,9296,5790
90000000000088,Olive Knight,Slate King,9/1/2022,30,3677,10782,21343
90000000000088,Olive Knight,Slate King,10/1/2022,31,34204,117012,190662
90000000000088,Olive Knight,Slate King,11/1/2022,30,21370,75279,129123
90000000000088,Olive Knight,Slate King,12/1/2022,31,16357,51259,98289
90000000000088,Olive Knight,Slate King,1/1/2023,31,12484,41603,74596
90000000000088,Olive Knight,Slate King,2/1/2023,28,8599,20987,51108
90000000000088,Olive Knight,Slate King,3/1/2023,31,10167,43214,60106
90000000000088,Olive Knight,Slate King,4/1/2023,30,7709,34065,45323
90000000000088,Olive Knight,Slate King,5/1/2023,31,4670,17954,27305
90000000000088,Olive Knight,Slate King,6/1/2023,30,5541,21643,32219
90000000000088,Olive Knight,Slate King,7/1/2023,31,3961,28379,22905
90000000000088,Olive Knight,Slate King,8/1/2023,31,7125,24593,40971
90000000000088,Olive Knight,Slate King,9/1/2023,30,6565,23241,37543
90000000000088,Olive Knight,Slate King,10/1/2023,31,5535,30804,31478
90000000000088,Olive Knight,Slate King,11/1/2023,30,5389,20096,30479
90000000000088,Olive Knight,Slate King,12/1/2023,31,5326,21231,29957
90000000000088,Olive Knight,Slate King,1/1/2024,31,5195,20370,29056
90000000000088,Olive Knight,Slate King,2/1/2024,29,4622,19791,25711
90000000000088,Olive Knight,Slate King,3/1/2024,31,4413,16816,24416
90000000000088,Olive Knight,Slate King,4/1/2024,30,4691,18247,25811
90000000000088,Olive Knight,Slate King,5/1/2024,31,4222,17962,23102
90000000000088,Olive Knight,Slate King,6/1/2024,30,3920,16512,21332
90000000000088,Olive Knight,Slate King,7/1/2024,31,4161,17084,22518
90000000000088,Olive Knight,Slate King,8/1/2024,31,4017,15902,21617
90000000000088,Olive Knight,Slate King,9/1/2024,30,3533,15366,18908
90000000000088,Olive Knight,Slate King,10/1/2024,31,3701,15389,19698
90000000000088,Olive Knight,Slate King,11/1/2024,30,3338,15964,17668
90000000000088,Olive Knight,Slate King,12/1/2024,31,3481,14922,18324
90000000000088,Olive Knight,Slate King,1/1/2025,31,3393,13611,17760
90000000000088,Olive Knight,Slate King,2/1/2025,28,2880,13600,14995
90000000000088,Olive Knight,Slate King,3/1/2025,31,2390,10859,12377
90000000000088,Olive Knight,Slate King,4/1/2025,30,2796,11039,14400
90000000000088,Olive Knight,Slate King,5/1/2025,31,2761,13176,14142
90000000000088,Olive Knight,Slate King,6/1/2025,30,2690,11819,13702
90000000000088,Olive Knight,Slate King,7/1/2025,31,2794,12579,14153
90000000000088,Olive Knight,Slate King,8/1/2025,31,2530,13094,12744
90000000000088,Olive Knight,Slate King,9/1/2025,30,2366,10653,11852
90000000000088,Olive Knight,Slate King,10/1/2025,31,2694,10833,13421
90000000000088,Olive Knight,Slate King,11/1/2025,30,1074,18533,5321
90000000000088,Olive Knight,Slate King,12/1/2025,31,2702,13549,13313
90000000000088,Olive Knight,Slate King,1/1/2026,31,2618,14183,12827
90000000000088,Olive Knight,Slate King,2/1/2026,28,2201,12356,10726
90000000000088,Olive Knight,Slate King,3/1/2026,31,2331,12182,11300
90000000000042,Red Pawn,Slate King,2/1/2026,28,13504,78485,0
90000000000042,Red Pawn,Slate King,3/1/2026,31,15810,127751,0
90000000000081,Black Knight,Slate King,9/1/2020,30,3152,9609,19741
90000000000081,Black Knight,Slate King,10/1/2020,31,26129,129250,190470
90000000000081,Black Knight,Slate King,11/1/2020,30,15451,79025,97837
90000000000081,Black Knight,Slate King,12/1/2020,31,8399,43658,52665
90000000000081,Black Knight,Slate King,1/1/2021,31,9821,52234,60979
90000000000081,Black Knight,Slate King,2/1/2021,28,5788,30645,35602
90000000000081,Black Knight,Slate King,3/1/2021,31,8356,42954,50915
90000000000081,Black Knight,Slate King,4/1/2021,30,6393,34258,38574
90000000000081,Black Knight,Slate King,5/1/2021,31,5855,30418,34985
90000000000081,Black Knight,Slate King,6/1/2021,30,4832,25065,28594
90000000000081,Black Knight,Slate King,7/1/2021,31,4836,24615,28340
90000000000081,Black Knight,Slate King,8/1/2021,31,4811,23619,27920
90000000000081,Black Knight,Slate King,9/1/2021,30,4559,23058,26199
90000000000081,Black Knight,Slate King,10/1/2021,31,4154,21282,23639
90000000000081,Black Knight,Slate King,11/1/2021,30,4268,19852,24052
90000000000081,Black Knight,Slate King,12/1/2021,31,4027,18220,22473
90000000000081,Black Knight,Slate King,1/1/2022,31,3316,12545,18325
90000000000081,Black Knight,Slate King,2/1/2022,28,3404,14138,18636
90000000000081,Black Knight,Slate King,3/1/2022,31,3894,16399,21119
90000000000081,Black Knight,Slate King,4/1/2022,30,3529,14799,18953
90000000000081,Black Knight,Slate King,5/1/2022,31,3352,14175,17829
90000000000081,Black Knight,Slate King,6/1/2022,30,2626,11646,13830
90000000000081,Black Knight,Slate King,7/1/2022,31,2456,9706,12810
90000000000081,Black Knight,Slate King,8/1/2022,31,2856,11905,14751
90000000000081,Black Knight,Slate King,9/1/2022,30,3462,13220,17708
90000000000081,Black Knight,Slate King,10/1/2022,31,3327,11791,16852
90000000000081,Black Knight,Slate King,11/1/2022,30,2655,8505,13316
90000000000081,Black Knight,Slate King,12/1/2022,31,2908,9228,14446
90000000000081,Black Knight,Slate King,1/1/2023,31,3088,9968,15190
90000000000081,Black Knight,Slate King,2/1/2023,28,2797,8552,13631
90000000000081,Black Knight,Slate King,3/1/2023,31,3120,9434,15060
90000000000081,Black Knight,Slate King,4/1/2023,30,2756,8031,13177
90000000000081,Black Knight,Slate King,5/1/2023,31,2942,8579,13928
90000000000081,Black Knight,Slate King,6/1/2023,30,2640,7212,12377
90000000000081,Black Knight,Slate King,7/1/2023,31,2712,7832,12592
90000000000081,Black Knight,Slate King,8/1/2023,31,2632,7604,12099
90000000000081,Black Knight,Slate King,9/1/2023,30,2377,7233,10824
90000000000081,Black Knight,Slate King,10/1/2023,31,2221,6191,10013
90000000000081,Black Knight,Slate King,11/1/2023,30,1236,2837,5520
90000000000081,Black Knight,Slate King,12/1/2023,31,2292,6554,10135
90000000000081,Black Knight,Slate King,1/1/2024,31,938,1699,4107
90000000000081,Black Knight,Slate King,2/1/2024,29,2209,5329,9580
90000000000081,Black Knight,Slate King,3/1/2024,31,2666,6662,11453
90000000000081,Black Knight,Slate King,4/1/2024,30,2645,6967,11250
90000000000081,Black Knight,Slate King,5/1/2024,31,2671,7003,11251
90000000000081,Black Knight,Slate King,6/1/2024,30,2624,6717,10946
90000000000081,Black Knight,Slate King,7/1/2024,31,2618,6466,10814
90000000000081,Black Knight,Slate King,8/1/2024,31,2638,6574,10792
90000000000081,Black Knight,Slate King,9/1/2024,30,2220,5083,8995
90000000000081,Black Knight,Slate King,10/1/2024,31,2616,5970,10495
90000000000081,Black Knight,Slate King,11/1/2024,30,2427,5220,9642
90000000000081,Black Knight,Slate King,12/1/2024,31,2151,4627,8461
90000000000081,Black Knight,Slate King,1/1/2025,31,2552,5136,9942
90000000000081,Black Knight,Slate King,2/1/2025,28,2263,4691,8732
90000000000081,Black Knight,Slate King,3/1/2025,31,2520,5131,9635
90000000000081,Black Knight,Slate King,4/1/2025,30,2325,4485,8802
90000000000081,Black Knight,Slate King,5/1/2025,31,2412,4583,9044
90000000000081,Black Knight,Slate King,6/1/2025,30,2261,4285,8394
90000000000081,Black Knight,Slate King,7/1/2025,31,2151,4038,7908
90000000000081,Black Knight,Slate King,8/1/2025,31,2087,3855,7599
90000000000081,Black Knight,Slate King,9/1/2025,30,2204,3885,7948
90000000000081,Black Knight,Slate King,10/1/2025,31,2170,0,7747
90000000000081,Black Knight,Slate King,11/1/2025,30,2017,3135,7132
90000000000081,Black Knight,Slate King,12/1/2025,31,2075,3027,7268
90000000000081,Black Knight,Slate King,1/1/2026,31,1961,2721,6800
90000000000081,Black Knight,Slate King,2/1/2026,28,1862,2443,6397
90000000000081,Black Knight,Slate King,3/1/2026,31,1962,2656,6677
90000000000027,Coral Rook,Gold Pawn,3/1/2023,31,8431,11170,15554
90000000000027,Coral Rook,Gold Pawn,4/1/2023,30,24559,22926,46491
90000000000027,Coral Rook,Gold Pawn,5/1/2023,31,20492,31966,39385
90000000000027,Coral Rook,Gold Pawn,6/1/2023,30,17472,17536,34635
90000000000027,Coral Rook,Gold Pawn,7/1/2023,31,10919,11845,22325
90000000000027,Coral Rook,Gold Pawn,8/1/2023,31,21033,21668,44377
90000000000027,Coral Rook,Gold Pawn,9/1/2023,30,24038,23483,52309
90000000000027,Coral Rook,Gold Pawn,10/1/2023,31,20381,22154,45744
90000000000027,Coral Rook,Gold Pawn,11/1/2023,30,17016,21332,39391
90000000000027,Coral Rook,Gold Pawn,12/1/2023,31,17599,23221,42020
90000000000027,Coral Rook,Gold Pawn,1/1/2024,31,14584,20585,35931
90000000000027,Coral Rook,Gold Pawn,2/1/2024,29,11544,17541,29322
90000000000027,Coral Rook,Gold Pawn,3/1/2024,31,13535,20371,35438
90000000000027,Coral Rook,Gold Pawn,4/1/2024,30,7220,10674,19497
90000000000027,Coral Rook,Gold Pawn,5/1/2024,31,7384,9615,20566
90000000000027,Coral Rook,Gold Pawn,6/1/2024,30,7839,11153,22519
90000000000027,Coral Rook,Gold Pawn,7/1/2024,31,10364,15962,30708
90000000000027,Coral Rook,Gold Pawn,8/1/2024,31,9280,16502,28375
90000000000027,Coral Rook,Gold Pawn,9/1/2024,30,8230,15266,25956
90000000000027,Coral Rook,Gold Pawn,10/1/2024,31,7769,13740,25271
90000000000027,Coral Rook,Gold Pawn,11/1/2024,30,7252,12690,24328
90000000000027,Coral Rook,Gold Pawn,12/1/2024,31,7317,14913,25318
90000000000027,Coral Rook,Gold Pawn,1/1/2025,31,6196,12072,22123
90000000000027,Coral Rook,Gold Pawn,2/1/2025,28,5271,11435,19393
90000000000027,Coral Rook,Gold Pawn,3/1/2025,31,5405,13228,20488
90000000000027,Coral Rook,Gold Pawn,4/1/2025,30,5621,14503,21975
90000000000027,Coral Rook,Gold Pawn,5/1/2025,31,4398,13459,17734
90000000000027,Coral Rook,Gold Pawn,6/1/2025,30,4543,14278,18895
90000000000027,Coral Rook,Gold Pawn,7/1/2025,31,4920,14516,21107
90000000000027,Coral Rook,Gold Pawn,8/1/2025,31,4445,15873,19677
90000000000027,Coral Rook,Gold Pawn,9/1/2025,30,4480,15797,20452
90000000000027,Coral Rook,Gold Pawn,10/1/2025,31,4636,16509,21829
90000000000027,Coral Rook,Gold Pawn,11/1/2025,30,4353,18181,21142
90000000000027,Coral Rook,Gold Pawn,12/1/2025,31,4074,19278,20407
90000000000027,Coral Rook,Gold Pawn,1/1/2026,31,3558,18072,18394
90000000000027,Coral Rook,Gold Pawn,2/1/2026,28,3575,16649,19040
90000000000027,Coral Rook,Gold Pawn,3/1/2026,31,3523,18589,19335
90000000000014,Maroon Pawn,Crimson Knight,3/1/2025,31,1319,1911,4083
90000000000014,Maroon Pawn,Crimson Knight,4/1/2025,30,26289,42089,81364
90000000000014,Maroon Pawn,Crimson Knight,5/1/2025,31,23843,38883,73680
90000000000014,Maroon Pawn,Crimson Knight,6/1/2025,30,21861,39388,67451
90000000000014,Maroon Pawn,Crimson Knight,7/1/2025,31,16191,30785,49880
90000000000014,Maroon Pawn,Crimson Knight,8/1/2025,31,17778,34828,54684
90000000000014,Maroon Pawn,Crimson Knight,9/1/2025,30,16146,33564,49587
90000000000014,Maroon Pawn,Crimson Knight,10/1/2025,31,14347,31048,43994
90000000000014,Maroon Pawn,Crimson Knight,11/1/2025,30,13489,30516,41300
90000000000014,Maroon Pawn,Crimson Knight,12/1/2025,31,12596,29941,38505
90000000000014,Maroon Pawn,Crimson Knight,1/1/2026,31,11783,30152,35966
90000000000014,Maroon Pawn,Crimson Knight,2/1/2026,28,10188,26477,31049
90000000000014,Maroon Pawn,Crimson Knight,3/1/2026,31,8391,24810,25536
90000000000090,Amber Knight,Gold Pawn,8/1/2020,31,23022,20559,80360
90000000000090,Amber Knight,Gold Pawn,9/1/2020,30,22327,23153,80512
90000000000090,Amber Knight,Gold Pawn,10/1/2020,31,16028,15850,58362
90000000000090,Amber Knight,Gold Pawn,11/1/2020,30,8553,9466,31674
90000000000090,Amber Knight,Gold Pawn,12/1/2020,31,16775,31201,63181
90000000000090,Amber Knight,Gold Pawn,1/1/2021,31,15398,27832,58999
90000000000090,Amber Knight,Gold Pawn,2/1/2021,28,7261,10424,28280
90000000000090,Amber Knight,Gold Pawn,3/1/2021,31,7416,9811,29358
90000000000090,Amber Knight,Gold Pawn,4/1/2021,30,7401,9467,29797
90000000000090,Amber Knight,Gold Pawn,5/1/2021,31,9384,10735,38428
90000000000090,Amber Knight,Gold Pawn,6/1/2021,30,9515,11000,39626
90000000000090,Amber Knight,Gold Pawn,7/1/2021,31,9759,12229,41335
90000000000090,Amber Knight,Gold Pawn,8/1/2021,31,9047,10113,38985
90000000000090,Amber Knight,Gold Pawn,9/1/2021,30,8754,10159,38364
90000000000090,Amber Knight,Gold Pawn,10/1/2021,31,7812,8999,34819
90000000000090,Amber Knight,Gold Pawn,11/1/2021,30,7134,7799,32336
90000000000090,Amber Knight,Gold Pawn,12/1/2021,31,7479,8744,34479
90000000000090,Amber Knight,Gold Pawn,1/1/2022,31,6814,8280,31959
90000000000090,Amber Knight,Gold Pawn,2/1/2022,28,6256,8035,29824
90000000000090,Amber Knight,Gold Pawn,3/1/2022,31,6643,10360,32191
90000000000090,Amber Knight,Gold Pawn,4/1/2022,30,6274,10287,30921
90000000000090,Amber Knight,Gold Pawn,5/1/2022,31,6383,11286,31991
90000000000090,Amber Knight,Gold Pawn,6/1/2022,30,5340,8251,27223
90000000000090,Amber Knight,Gold Pawn,7/1/2022,31,4908,7849,25447
90000000000090,Amber Knight,Gold Pawn,8/1/2022,31,4082,6760,21530
90000000000090,Amber Knight,Gold Pawn,9/1/2022,30,4286,6853,22991
90000000000090,Amber Knight,Gold Pawn,10/1/2022,31,3200,4790,17457
90000000000090,Amber Knight,Gold Pawn,11/1/2022,30,1562,2693,8669
90000000000090,Amber Knight,Gold Pawn,12/1/2022,31,2061,3485,11632
90000000000090,Amber Knight,Gold Pawn,1/1/2023,31,3571,4393,20501
90000000000090,Amber Knight,Gold Pawn,2/1/2023,28,3518,5023,20530
90000000000090,Amber Knight,Gold Pawn,3/1/2023,31,1703,3588,10101
90000000000090,Amber Knight,Gold Pawn,4/1/2023,30,4850,6935,29258
90000000000090,Amber Knight,Gold Pawn,5/1/2023,31,4150,9981,25463
90000000000090,Amber Knight,Gold Pawn,6/1/2023,30,3689,5551,23018
90000000000090,Amber Knight,Gold Pawn,7/1/2023,31,2403,3801,15252
90000000000090,Amber Knight,Gold Pawn,8/1/2023,31,4830,7051,31180
90000000000090,Amber Knight,Gold Pawn,9/1/2023,30,5754,7747,37781
90000000000090,Amber Knight,Gold Pawn,10/1/2023,31,5086,7409,33963
90000000000090,Amber Knight,Gold Pawn,11/1/2023,30,4427,7233,30064
90000000000090,Amber Knight,Gold Pawn,12/1/2023,31,4773,7982,32967
90000000000090,Amber Knight,Gold Pawn,1/1/2024,31,4126,7175,28992
90000000000090,Amber Knight,Gold Pawn,2/1/2024,29,3403,6197,24310
90000000000090,Amber Knight,Gold Pawn,3/1/2024,31,4156,7294,30188
90000000000090,Amber Knight,Gold Pawn,4/1/2024,30,2311,3875,17073
90000000000090,Amber Knight,Gold Pawn,5/1/2024,31,2464,3538,18513
90000000000090,Amber Knight,Gold Pawn,6/1/2024,30,2727,4161,20839
90000000000090,Amber Knight,Gold Pawn,7/1/2024,31,3759,6037,29210
90000000000090,Amber Knight,Gold Pawn,8/1/2024,31,3511,6330,27758
90000000000090,Amber Knight,Gold Pawn,9/1/2024,30,3246,5936,26102
90000000000090,Amber Knight,Gold Pawn,10/1/2024,31,3195,5416,26124
90000000000090,Amber Knight,Gold Pawn,11/1/2024,30,3108,5072,25853
90000000000090,Amber Knight,Gold Pawn,12/1/2024,31,3270,6042,27658
90000000000090,Amber Knight,Gold Pawn,1/1/2025,31,2888,4960,24854
90000000000090,Amber Knight,Gold Pawn,2/1/2025,28,2558,4760,22377
90000000000090,Amber Knight,Gold Pawn,3/1/2025,31,2731,5581,24279
90000000000090,Amber Knight,Gold Pawn,4/1/2025,30,2960,6203,26770
90000000000090,Amber Knight,Gold Pawn,5/1/2025,31,2415,5835,22207
90000000000090,Amber Knight,Gold Pawn,6/1/2025,30,2601,6276,24324
90000000000090,Amber Knight,Gold Pawn,7/1/2025,31,2936,6469,27930
90000000000090,Amber Knight,Gold Pawn,8/1/2025,31,2767,7173,26779
90000000000090,Amber Knight,Gold Pawn,9/1/2025,30,2907,7237,28612
90000000000090,Amber Knight,Gold Pawn,10/1/2025,31,3136,7667,31392
90000000000090,Amber Knight,Gold Pawn,11/1/2025,30,3070,8560,31255
90000000000090,Amber Knight,Gold Pawn,12/1/2025,31,2995,9202,31011
90000000000090,Amber Knight,Gold Pawn,1/1/2026,31,2729,8747,28747
90000000000090,Amber Knight,Gold Pawn,2/1/2026,28,2855,8166,30562
90000000000090,Amber Knight,Gold Pawn,3/1/2026,31,2929,9239,31875
90000000000071,Yellow Queen,Slate King,9/1/2021,30,1534,5420,14094
90000000000071,Yellow Queen,Slate King,10/1/2021,31,28876,131669,190807
90000000000071,Yellow Queen,Slate King,11/1/2021,30,20077,0,186001
90000000000071,Yellow Queen,Slate King,12/1/2021,31,14982,85993,146060
90000000000071,Yellow Queen,Slate King,1/1/2022,31,11877,88861,117138
90000000000071,Yellow Queen,Slate King,2/1/2022,28,10576,66253,105464
90000000000071,Yellow Queen,Slate King,3/1/2022,31,9955,68767,100370
90000000000071,Yellow Queen,Slate King,4/1/2022,30,9001,56299,91792
90000000000071,Yellow Queen,Slate King,5/1/2022,31,8328,55667,85902
90000000000071,Yellow Queen,Slate King,6/1/2022,30,7487,49797,78112
90000000000071,Yellow Queen,Slate King,7/1/2022,31,6319,41556,66682
90000000000071,Yellow Queen,Slate King,8/1/2022,31,6213,41370,66327
90000000000071,Yellow Queen,Slate King,9/1/2022,30,7012,44649,75715
90000000000071,Yellow Queen,Slate King,10/1/2022,31,5264,51379,57491
90000000000071,Yellow Queen,Slate King,11/1/2022,30,3682,41807,40674
90000000000071,Yellow Queen,Slate King,12/1/2022,31,5278,38867,58973
90000000000071,Yellow Queen,Slate King,1/1/2023,31,5628,44489,63616
90000000000071,Yellow Queen,Slate King,2/1/2023,28,4700,32171,53715
90000000000071,Yellow Queen,Slate King,3/1/2023,31,5658,39173,65380
90000000000071,Yellow Queen,Slate King,4/1/2023,30,4740,33414,55400
90000000000071,Yellow Queen,Slate King,5/1/2023,31,4727,34332,55881
90000000000071,Yellow Queen,Slate King,6/1/2023,30,5140,40757,61460
90000000000071,Yellow Queen,Slate King,7/1/2023,31,5424,40942,65599
90000000000071,Yellow Queen,Slate King,8/1/2023,31,4921,38840,60209
90000000000071,Yellow Queen,Slate King,9/1/2023,30,4262,34245,52744
90000000000071,Yellow Queen,Slate King,10/1/2023,31,4262,35456,53348
90000000000071,Yellow Queen,Slate King,11/1/2023,30,3849,28859,48731
90000000000071,Yellow Queen,Slate King,12/1/2023,31,3056,24234,39134
90000000000071,Yellow Queen,Slate King,1/1/2024,31,3756,35521,48658
90000000000071,Yellow Queen,Slate King,2/1/2024,29,3413,23043,44713
90000000000071,Yellow Queen,Slate King,3/1/2024,31,3246,23179,43005
90000000000071,Yellow Queen,Slate King,4/1/2024,30,3243,22255,43457
90000000000071,Yellow Queen,Slate King,5/1/2024,31,3128,21993,42396
90000000000071,Yellow Queen,Slate King,6/1/2024,30,3293,25045,45144
90000000000071,Yellow Queen,Slate King,7/1/2024,31,3524,25122,48865
90000000000071,Yellow Queen,Slate King,8/1/2024,31,3011,21907,42238
90000000000071,Yellow Queen,Slate King,9/1/2024,30,3193,20714,45304
90000000000071,Yellow Queen,Slate King,10/1/2024,31,2734,16869,39236
90000000000071,Yellow Queen,Slate King,11/1/2024,30,2742,17627,39802
90000000000071,Yellow Queen,Slate King,12/1/2024,31,2667,16964,39157
90000000000071,Yellow Queen,Slate King,1/1/2025,31,2867,19074,42583
90000000000071,Yellow Queen,Slate King,2/1/2025,28,2454,17060,36853
90000000000071,Yellow Queen,Slate King,3/1/2025,31,2614,21235,39691
90000000000071,Yellow Queen,Slate King,4/1/2025,30,2557,18237,39270
90000000000071,Yellow Queen,Slate King,5/1/2025,31,2258,17624,35076
90000000000071,Yellow Queen,Slate King,6/1/2025,30,2220,15340,34881
90000000000071,Yellow Queen,Slate King,7/1/2025,31,2407,15065,38252
90000000000071,Yellow Queen,Slate King,8/1/2025,31,2006,17150,32251
90000000000071,Yellow Queen,Slate King,9/1/2025,30,2164,18195,35190
90000000000071,Yellow Queen,Slate King,10/1/2025,31,1915,12126,31497
90000000000071,Yellow Queen,Slate King,11/1/2025,30,2033,15570,33821
90000000000071,Yellow Queen,Slate King,12/1/2025,31,345,1444,5805
90000000000071,Yellow Queen,Slate King,1/1/2026,31,1397,8878,23781
90000000000071,Yellow Queen,Slate King,2/1/2026,28,1670,12169,28743
90000000000071,Yellow Queen,Slate King,3/1/2026,31,1550,12844,26973
90000000000049,Indigo Pawn,Crimson Knight,10/1/2022,31,28315,35029,190730
90000000000049,Indigo Pawn,Crimson Knight,11/1/2022,30,17426,83197,190534
90000000000049,Indigo Pawn,Crimson Knight,12/1/2022,31,18053,100624,190565
90000000000049,Indigo Pawn,Crimson Knight,1/1/2023,31,16176,104241,190137
90000000000049,Indigo Pawn,Crimson Knight,2/1/2023,28,12689,97453,181190
90000000000049,Indigo Pawn,Crimson Knight,3/1/2023,31,12485,101968,176216
90000000000049,Indigo Pawn,Crimson Knight,4/1/2023,30,12111,95557,167593
90000000000049,Indigo Pawn,Crimson Knight,5/1/2023,31,11643,93346,157931
90000000000049,Indigo Pawn,Crimson Knight,6/1/2023,30,6609,57132,87874
90000000000049,Indigo Pawn,Crimson Knight,7/1/2023,31,10012,58306,130488
90000000000049,Indigo Pawn,Crimson Knight,8/1/2023,31,7753,70561,99015
90000000000049,Indigo Pawn,Crimson Knight,9/1/2023,30,7173,73486,89795
90000000000049,Indigo Pawn,Crimson Knight,10/1/2023,31,6907,70181,84756
90000000000049,Indigo Pawn,Crimson Knight,11/1/2023,30,6238,63188,75032
90000000000049,Indigo Pawn,Crimson Knight,12/1/2023,31,5402,51411,63691
90000000000049,Indigo Pawn,Crimson Knight,1/1/2024,31,5359,51862,61914
90000000000049,Indigo Pawn,Crimson Knight,2/1/2024,29,4810,46794,54490
90000000000049,Indigo Pawn,Crimson Knight,3/1/2024,31,5008,48819,55629
90000000000049,Indigo Pawn,Crimson Knight,4/1/2024,30,4613,45704,50228
90000000000049,Indigo Pawn,Crimson Knight,5/1/2024,31,4561,46272,48680
90000000000049,Indigo Pawn,Crimson Knight,6/1/2024,30,4380,44517,45823
90000000000049,Indigo Pawn,Crimson Knight,7/1/2024,31,4535,48122,46506
90000000000049,Indigo Pawn,Crimson Knight,8/1/2024,31,4216,46451,42366
90000000000049,Indigo Pawn,Crimson Knight,9/1/2024,30,4145,42668,40828
90000000000049,Indigo Pawn,Crimson Knight,10/1/2024,31,3997,42668,38592
90000000000049,Indigo Pawn,Crimson Knight,11/1/2024,30,3999,43744,37847
90000000000049,Indigo Pawn,Crimson Knight,12/1/2024,31,3937,41682,36524
90000000000049,Indigo Pawn,Crimson Knight,1/1/2025,31,4096,43205,37235
90000000000049,Indigo Pawn,Crimson Knight,2/1/2025,28,3880,36023,34596
90000000000049,Indigo Pawn,Crimson Knight,3/1/2025,31,3714,41579,32483
90000000000049,Indigo Pawn,Crimson Knight,4/1/2025,30,3565,39597,30563
90000000000049,Indigo Pawn,Crimson Knight,5/1/2025,31,3528,39597,29647
90000000000049,Indigo Pawn,Crimson Knight,6/1/2025,30,3268,38408,26919
90000000000049,Indigo Pawn,Crimson Knight,7/1/2025,31,3310,38909,26726
90000000000049,Indigo Pawn,Crimson Knight,8/1/2025,31,3310,38909,26189
90000000000049,Indigo Pawn,Crimson Knight,9/1/2025,30,3160,37408,24507
90000000000049,Indigo Pawn,Crimson Knight,10/1/2025,31,3292,38973,25026
90000000000049,Indigo Pawn,Crimson Knight,11/1/2025,30,2931,35468,21841
90000000000049,Indigo Pawn,Crimson Knight,12/1/2025,31,3131,36633,22870
90000000000049,Indigo Pawn,Crimson Knight,1/1/2026,31,2883,34809,20635
90000000000049,Indigo Pawn,Crimson Knight,2/1/2026,28,2522,29467,17705
90000000000049,Indigo Pawn,Crimson Knight,3/1/2026,31,1320,16200,9090
90000000000043,Coral Knight,Gold Pawn,1/1/2020,31,6313,8487,70148
90000000000043,Coral Knight,Gold Pawn,2/1/2020,29,4007,5071,31396
90000000000043,Coral Knight,Gold Pawn,3/1/2020,31,4760,5678,36814
90000000000043,Coral Knight,Gold Pawn,4/1/2020,30,4607,5414,35172
90000000000043,Coral Knight,Gold Pawn,5/1/2020,31,4543,5757,34233
90000000000043,Coral Knight,Gold Pawn,6/1/2020,30,4086,5700,30389
90000000000043,Coral Knight,Gold Pawn,7/1/2020,31,3669,5537,26936
90000000000043,Coral Knight,Gold Pawn,8/1/2020,31,3477,5514,25188
90000000000043,Coral Knight,Gold Pawn,9/1/2020,30,3054,4668,21837
90000000000043,Coral Knight,Gold Pawn,10/1/2020,31,3069,4890,21665
90000000000043,Coral Knight,Gold Pawn,11/1/2020,30,2765,4517,19261
90000000000043,Coral Knight,Gold Pawn,12/1/2020,31,2874,4755,19765
90000000000043,Coral Knight,Gold Pawn,1/1/2021,31,2753,4782,18685
90000000000043,Coral Knight,Gold Pawn,2/1/2021,28,1747,2952,11706
90000000000043,Coral Knight,Gold Pawn,3/1/2021,31,2736,4877,18103
90000000000043,Coral Knight,Gold Pawn,4/1/2021,30,2322,4635,15169
90000000000043,Coral Knight,Gold Pawn,5/1/2021,31,2352,4751,15163
90000000000043,Coral Knight,Gold Pawn,6/1/2021,30,2165,4191,13775
90000000000043,Coral Knight,Gold Pawn,7/1/2021,31,2254,4480,14155
90000000000043,Coral Knight,Gold Pawn,8/1/2021,31,2179,4794,13506
90000000000043,Coral Knight,Gold Pawn,9/1/2021,30,1908,4267,11672
90000000000043,Coral Knight,Gold Pawn,10/1/2021,31,1927,4168,11636
90000000000043,Coral Knight,Gold Pawn,11/1/2021,30,1849,3894,11021
90000000000043,Coral Knight,Gold Pawn,12/1/2021,31,1897,3813,11164
90000000000043,Coral Knight,Gold Pawn,1/1/2022,31,1933,3869,11226
90000000000043,Coral Knight,Gold Pawn,2/1/2022,28,1732,3641,9927
90000000000043,Coral Knight,Gold Pawn,3/1/2022,31,1807,4039,10229
90000000000043,Coral Knight,Gold Pawn,4/1/2022,30,1726,3820,9644
90000000000043,Coral Knight,Gold Pawn,5/1/2022,31,1484,3052,8184
90000000000043,Coral Knight,Gold Pawn,6/1/2022,30,1585,3472,8632
90000000000043,Coral Knight,Gold Pawn,7/1/2022,31,1550,3502,8328
90000000000043,Coral Knight,Gold Pawn,8/1/2022,31,1556,3692,8252
90000000000043,Coral Knight,Gold Pawn,9/1/2022,30,1653,3588,8655
90000000000043,Coral Knight,Gold Pawn,10/1/2022,31,1459,3631,7536
90000000000043,Coral Knight,Gold Pawn,11/1/2022,30,883,2258,4506
90000000000043,Coral Knight,Gold Pawn,12/1/2022,31,2071,2985,10425
90000000000043,Coral Knight,Gold Pawn,1/1/2023,31,2375,2876,11797
90000000000043,Coral Knight,Gold Pawn,2/1/2023,28,1885,2724,9247
90000000000043,Coral Knight,Gold Pawn,3/1/2023,31,2594,3595,12564
90000000000043,Coral Knight,Gold Pawn,4/1/2023,30,1517,2368,7254
90000000000043,Coral Knight,Gold Pawn,5/1/2023,31,1725,3028,8141
90000000000043,Coral Knight,Gold Pawn,6/1/2023,30,450,1027,2095
90000000000043,Coral Knight,Gold Pawn,7/1/2023,31,1600,2901,7356
90000000000043,Coral Knight,Gold Pawn,8/1/2023,31,1285,2331,5831
90000000000043,Coral Knight,Gold Pawn,9/1/2023,30,1308,2853,5856
90000000000043,Coral Knight,Gold Pawn,10/1/2023,31,1029,2519,4547
90000000000043,Coral Knight,Gold Pawn,11/1/2023,30,1162,2587,5070
90000000000043,Coral Knight,Gold Pawn,12/1/2023,31,1195,2462,5144
90000000000043,Coral Knight,Gold Pawn,1/1/2024,31,1191,2766,5061
90000000000043,Coral Knight,Gold Pawn,2/1/2024,29,1001,2156,4200
90000000000043,Coral Knight,Gold Pawn,3/1/2024,31,648,1609,2685
90000000000043,Coral Knight,Gold Pawn,4/1/2024,30,1061,2000,4338
90000000000043,Coral Knight,Gold Pawn,5/1/2024,31,1187,2100,4792
90000000000043,Coral Knight,Gold Pawn,6/1/2024,30,1088,2286,4334
90000000000043,Coral Knight,Gold Pawn,7/1/2024,31,1249,2559,4912
90000000000043,Coral Knight,Gold Pawn,8/1/2024,31,1180,1462,4580
90000000000043,Coral Knight,Gold Pawn,9/1/2024,30,1146,2848,4391
90000000000043,Coral Knight,Gold Pawn,10/1/2024,31,1295,3409,4896
90000000000043,Coral Knight,Gold Pawn,11/1/2024,30,1295,2556,4831
90000000000043,Coral Knight,Gold Pawn,12/1/2024,31,1304,2853,4801
90000000000043,Coral Knight,Gold Pawn,1/1/2025,31,1286,3547,4674
90000000000043,Coral Knight,Gold Pawn,2/1/2025,28,821,3018,2946
90000000000043,Coral Knight,Gold Pawn,3/1/2025,31,1004,3557,3557
90000000000043,Coral Knight,Gold Pawn,4/1/2025,30,1182,4254,4134
90000000000043,Coral Knight,Gold Pawn,5/1/2025,31,1143,4738,3948
90000000000043,Coral Knight,Gold Pawn,6/1/2025,30,983,4178,3349
90000000000043,Coral Knight,Gold Pawn,7/1/2025,31,856,3480,2881
90000000000043,Coral Knight,Gold Pawn,8/1/2025,31,833,3037,2766
90000000000043,Coral Knight,Gold Pawn,9/1/2025,30,1066,4268,3494
90000000000043,Coral Knight,Gold Pawn,10/1/2025,31,1071,4466,3464
90000000000043,Coral Knight,Gold Pawn,11/1/2025,30,871,3544,2781
90000000000043,Coral Knight,Gold Pawn,12/1/2025,31,1086,4552,3421
90000000000043,Coral Knight,Gold Pawn,1/1/2026,31,1009,4400,3137
90000000000043,Coral Knight,Gold Pawn,2/1/2026,28,873,4028,2681
90000000000043,Coral Knight,Gold Pawn,3/1/2026,31,895,4668,2714
90000000000016,Teal Knight,Slate King,9/1/2022,30,1776,6603,16179
90000000000016,Teal Knight,Slate King,10/1/2022,31,25204,96131,190746
90000000000016,Teal Knight,Slate King,11/1/2022,30,16620,68313,156063
90000000000016,Teal Knight,Slate King,12/1/2022,31,13322,55223,123862
90000000000016,Teal Knight,Slate King,1/1/2023,31,10229,52582,94152
90000000000016,Teal Knight,Slate King,2/1/2023,28,7249,33670,66086
90000000000016,Teal Knight,Slate King,3/1/2023,31,8317,49689,75101
90000000000016,Teal Knight,Slate King,4/1/2023,30,6396,41565,57185
90000000000016,Teal Knight,Slate King,5/1/2023,31,7367,39751,65218
90000000000016,Teal Knight,Slate King,6/1/2023,30,4571,28403,40067
90000000000016,Teal Knight,Slate King,7/1/2023,31,8481,36133,73607
90000000000016,Teal Knight,Slate King,8/1/2023,31,7871,35770,67629
90000000000016,Teal Knight,Slate King,9/1/2023,30,6069,32407,51632
90000000000016,Teal Knight,Slate King,10/1/2023,31,5834,21444,49144
90000000000016,Teal Knight,Slate King,11/1/2023,30,5408,28881,45106
90000000000016,Teal Knight,Slate King,12/1/2023,31,5224,27460,43142
90000000000016,Teal Knight,Slate King,1/1/2024,31,5161,28680,42195
90000000000016,Teal Knight,Slate King,2/1/2024,29,4676,24252,37859
90000000000016,Teal Knight,Slate King,3/1/2024,31,4498,24757,36065
90000000000016,Teal Knight,Slate King,4/1/2024,30,3948,22524,31343
90000000000016,Teal Knight,Slate King,5/1/2024,31,4343,25554,34139
90000000000016,Teal Knight,Slate King,6/1/2024,30,3888,23676,30262
90000000000016,Teal Knight,Slate King,7/1/2024,31,3863,24288,29771
90000000000016,Teal Knight,Slate King,8/1/2024,31,3683,21089,28099
90000000000016,Teal Knight,Slate King,9/1/2024,30,3823,22623,28880
90000000000016,Teal Knight,Slate King,10/1/2024,31,4012,25743,30009
90000000000016,Teal Knight,Slate King,11/1/2024,30,3652,23162,27047
90000000000016,Teal Knight,Slate King,12/1/2024,31,3384,20563,24815
90000000000016,Teal Knight,Slate King,1/1/2025,31,3172,19197,23028
90000000000016,Teal Knight,Slate King,2/1/2025,28,2621,17819,18846
90000000000016,Teal Knight,Slate King,3/1/2025,31,2742,16722,19528
90000000000016,Teal Knight,Slate King,4/1/2025,30,2480,16844,17488
90000000000016,Teal Knight,Slate King,5/1/2025,31,3009,20731,21010
90000000000016,Teal Knight,Slate King,6/1/2025,30,2970,20919,20533
90000000000016,Teal Knight,Slate King,7/1/2025,31,2785,19972,19064
90000000000016,Teal Knight,Slate King,8/1/2025,31,2842,17669,19260
90000000000016,Teal Knight,Slate King,9/1/2025,30,3017,18082,20244
90000000000016,Teal Knight,Slate King,10/1/2025,31,2112,16387,14032
90000000000016,Teal Knight,Slate King,11/1/2025,30,2692,6913,17709
90000000000016,Teal Knight,Slate King,12/1/2025,31,2440,14450,15893
90000000000016,Teal Knight,Slate King,1/1/2026,31,2871,18152,18513
90000000000016,Teal Knight,Slate King,2/1/2026,28,2338,16842,14932
90000000000016,Teal Knight,Slate King,3/1/2026,31,2394,17549,15145
90000000000077,Blue Queen,Slate King,10/1/2020,31,43582,146418,147064
90000000000077,Blue Queen,Slate King,11/1/2020,30,31437,116392,106865
90000000000077,Blue Queen,Slate King,12/1/2020,31,23634,89025,80857
90000000000077,Blue Queen,Slate King,1/1/2021,31,21918,86721,75481
90000000000077,Blue Queen,Slate King,2/1/2021,28,13263,53663,45960
90000000000077,Blue Queen,Slate King,3/1/2021,31,17008,68103,59305
90000000000077,Blue Queen,Slate King,4/1/2021,30,14800,63747,51939
90000000000077,Blue Queen,Slate King,5/1/2021,31,13447,57472,47495
90000000000077,Blue Queen,Slate King,6/1/2021,30,11069,48529,39348
90000000000077,Blue Queen,Slate King,7/1/2021,31,10937,48175,39131
90000000000077,Blue Queen,Slate King,8/1/2021,31,10742,46738,38684
90000000000077,Blue Queen,Slate King,9/1/2021,30,10049,46123,36422
90000000000077,Blue Queen,Slate King,10/1/2021,31,9039,43033,32975
90000000000077,Blue Queen,Slate King,11/1/2021,30,9169,40576,33664
90000000000077,Blue Queen,Slate King,12/1/2021,31,8541,37646,31561
90000000000077,Blue Queen,Slate King,1/1/2022,31,6943,26208,25824
90000000000077,Blue Queen,Slate King,2/1/2022,28,7040,29845,26348
90000000000077,Blue Queen,Slate King,3/1/2022,31,7954,34980,29956
90000000000077,Blue Queen,Slate King,4/1/2022,30,7117,31911,26975
90000000000077,Blue Queen,Slate King,5/1/2022,31,6674,30897,25461
90000000000077,Blue Queen,Slate King,6/1/2022,30,5161,25661,19817
90000000000077,Blue Queen,Slate King,7/1/2022,31,4766,21618,18417
90000000000077,Blue Queen,Slate King,8/1/2022,31,5471,26809,21281
90000000000077,Blue Queen,Slate King,9/1/2022,30,6548,30095,25634
90000000000077,Blue Queen,Slate King,10/1/2022,31,6212,27133,24476
90000000000077,Blue Queen,Slate King,11/1/2022,30,4894,19784,19406
90000000000077,Blue Queen,Slate King,12/1/2022,31,5293,21699,21124
90000000000077,Blue Queen,Slate King,1/1/2023,31,5548,23698,22288
90000000000077,Blue Queen,Slate King,2/1/2023,28,4964,20545,20067
90000000000077,Blue Queen,Slate King,3/1/2023,31,5469,22902,22243
90000000000077,Blue Queen,Slate King,4/1/2023,30,4770,19708,19528
90000000000077,Blue Queen,Slate King,5/1/2023,31,5027,21282,20710
90000000000077,Blue Queen,Slate King,6/1/2023,30,4453,18085,18466
90000000000077,Blue Queen,Slate King,7/1/2023,31,4517,19853,18851
90000000000077,Blue Queen,Slate King,8/1/2023,31,4326,19487,18175
90000000000077,Blue Queen,Slate King,9/1/2023,30,3859,18738,16315
90000000000077,Blue Queen,Slate King,10/1/2023,31,3559,16214,15143
90000000000077,Blue Queen,Slate King,11/1/2023,30,1956,7509,8377
90000000000077,Blue Queen,Slate King,12/1/2023,31,3580,17537,15431
90000000000077,Blue Queen,Slate King,1/1/2024,31,1446,4595,6274
90000000000077,Blue Queen,Slate King,2/1/2024,29,3364,14572,14686
90000000000077,Blue Queen,Slate King,3/1/2024,31,4009,18412,17614
90000000000077,Blue Queen,Slate King,4/1/2024,30,3926,19463,17362
90000000000077,Blue Queen,Slate King,5/1/2024,31,3914,19777,17421
90000000000077,Blue Queen,Slate King,6/1/2024,30,3797,19175,17007
90000000000077,Blue Queen,Slate King,7/1/2024,31,3739,18660,16858
90000000000077,Blue Queen,Slate King,8/1/2024,31,3720,19181,16881
90000000000077,Blue Queen,Slate King,9/1/2024,30,3091,14990,14119
90000000000077,Blue Queen,Slate King,10/1/2024,31,3596,17798,16528
90000000000077,Blue Queen,Slate King,11/1/2024,30,3293,15731,15236
90000000000077,Blue Queen,Slate King,12/1/2024,31,2881,14095,13416
90000000000077,Blue Queen,Slate King,1/1/2025,31,3375,15820,15818
90000000000077,Blue Queen,Slate King,2/1/2025,28,2956,14601,13939
90000000000077,Blue Queen,Slate King,3/1/2025,31,3251,16136,15430
90000000000077,Blue Queen,Slate King,4/1/2025,30,2961,14258,14143
90000000000077,Blue Queen,Slate King,5/1/2025,31,3033,14728,14582
90000000000077,Blue Queen,Slate King,6/1/2025,30,2807,13922,13579
90000000000077,Blue Queen,Slate King,7/1/2025,31,2636,13261,12837
90000000000077,Blue Queen,Slate King,8/1/2025,31,2525,12799,12377
90000000000077,Blue Queen,Slate King,9/1/2025,30,2633,13040,12990
90000000000077,Blue Queen,Slate King,10/1/2025,31,2559,0,12704
90000000000077,Blue Queen,Slate King,11/1/2025,30,2348,10751,11735
90000000000077,Blue Queen,Slate King,12/1/2025,31,2386,10495,11999
90000000000077,Blue Queen,Slate King,1/1/2026,31,2225,9537,11266
90000000000077,Blue Queen,Slate King,2/1/2026,28,2087,8655,10633
90000000000077,Blue Queen,Slate King,3/1/2026,31,2172,9505,11135
90000000000064,Ivory Queen,Crimson Knight,10/1/2022,31,28497,64388,190797
90000000000064,Ivory Queen,Crimson Knight,11/1/2022,30,21465,101696,190730
90000000000064,Ivory Queen,Crimson Knight,12/1/2022,31,23898,122491,190792
90000000000064,Ivory Queen,Crimson Knight,1/1/2023,31,22497,135520,190746
90000000000064,Ivory Queen,Crimson Knight,2/1/2023,28,19163,124878,190512
90000000000064,Ivory Queen,Crimson Knight,3/1/2023,31,17093,124693,190003
90000000000064,Ivory Queen,Crimson Knight,4/1/2023,30,12947,108832,173526
90000000000064,Ivory Queen,Crimson Knight,5/1/2023,31,11214,102798,148323
90000000000064,Ivory Queen,Crimson Knight,6/1/2023,30,8156,73454,106458
90000000000064,Ivory Queen,Crimson Knight,7/1/2023,31,11122,62112,143264
90000000000064,Ivory Queen,Crimson Knight,8/1/2023,31,9753,86070,123951
90000000000064,Ivory Queen,Crimson Knight,9/1/2023,30,8225,77991,103157
90000000000064,Ivory Queen,Crimson Knight,10/1/2023,31,7709,73300,95415
90000000000064,Ivory Queen,Crimson Knight,11/1/2023,30,6895,65932,84217
90000000000064,Ivory Queen,Crimson Knight,12/1/2023,31,6616,66975,79747
90000000000064,Ivory Queen,Crimson Knight,1/1/2024,31,5705,57103,67848
90000000000064,Ivory Queen,Crimson Knight,2/1/2024,29,5353,52584,62838
90000000000064,Ivory Queen,Crimson Knight,3/1/2024,31,5374,55475,62269
90000000000064,Ivory Queen,Crimson Knight,4/1/2024,30,5146,52377,58843
90000000000064,Ivory Queen,Crimson Knight,5/1/2024,31,4981,53270,56207
90000000000064,Ivory Queen,Crimson Knight,6/1/2024,30,4671,50267,52016
90000000000064,Ivory Queen,Crimson Knight,7/1/2024,31,4612,47006,50684
90000000000064,Ivory Queen,Crimson Knight,8/1/2024,31,4431,49282,48044
90000000000064,Ivory Queen,Crimson Knight,9/1/2024,30,4415,46535,47241
90000000000064,Ivory Queen,Crimson Knight,10/1/2024,31,4508,46240,47602
90000000000064,Ivory Queen,Crimson Knight,11/1/2024,30,4077,45037,42485
90000000000064,Ivory Queen,Crimson Knight,12/1/2024,31,3907,45440,40178
90000000000064,Ivory Queen,Crimson Knight,1/1/2025,31,3865,45014,39215
90000000000064,Ivory Queen,Crimson Knight,2/1/2025,28,3243,40917,32486
90000000000064,Ivory Queen,Crimson Knight,3/1/2025,31,3825,43633,37829
90000000000064,Ivory Queen,Crimson Knight,4/1/2025,30,3554,41331,34686
90000000000064,Ivory Queen,Crimson Knight,5/1/2025,31,3635,41331,35011
90000000000064,Ivory Queen,Crimson Knight,6/1/2025,30,3225,39489,30653
90000000000064,Ivory Queen,Crimson Knight,7/1/2025,31,3322,40196,31160
90000000000064,Ivory Queen,Crimson Knight,8/1/2025,31,3322,40196,30744
90000000000064,Ivory Queen,Crimson Knight,9/1/2025,30,3007,37143,27463
90000000000064,Ivory Queen,Crimson Knight,10/1/2025,31,3115,38696,28075
90000000000064,Ivory Queen,Crimson Knight,11/1/2025,30,2909,37271,25874
90000000000064,Ivory Queen,Crimson Knight,12/1/2025,31,2919,35807,25621
90000000000064,Ivory Queen,Crimson Knight,1/1/2026,31,2585,32560,22386
90000000000064,Ivory Queen,Crimson Knight,2/1/2026,28,2445,30742,20904
90000000000064,Ivory Queen,Crimson Knight,3/1/2026,31,1636,22508,13810
90000000000039,Red Rook,Crimson Knight,5/1/2024,31,9876,13187,76222
90000000000039,Red Rook,Crimson Knight,6/1/2024,30,19770,31245,151825
90000000000039,Red Rook,Crimson Knight,7/1/2024,31,12250,22263,93303
90000000000039,Red Rook,Crimson Knight,8/1/2024,31,13412,25107,101302
90000000000039,Red Rook,Crimson Knight,9/1/2024,30,10466,20440,78402
90000000000039,Red Rook,Crimson Knight,10/1/2024,31,11259,23995,83650
90000000000039,Red Rook,Crimson Knight,11/1/2024,30,9814,22568,72314
90000000000039,Red Rook,Crimson Knight,12/1/2024,31,9093,21301,66451
90000000000039,Red Rook,Crimson Knight,1/1/2025,31,8641,22201,62619
90000000000039,Red Rook,Crimson Knight,2/1/2025,28,7180,19349,51619
90000000000039,Red Rook,Crimson Knight,3/1/2025,31,7284,20461,51950
90000000000039,Red Rook,Crimson Knight,4/1/2025,30,6471,18985,45771
90000000000039,Red Rook,Crimson Knight,5/1/2025,31,6450,19682,45252
90000000000039,Red Rook,Crimson Knight,6/1/2025,30,5664,18060,39410
90000000000039,Red Rook,Crimson Knight,7/1/2025,31,5795,18808,39987
90000000000039,Red Rook,Crimson Knight,8/1/2025,31,5583,18274,38202
90000000000039,Red Rook,Crimson Knight,9/1/2025,30,5389,18806,36573
90000000000039,Red Rook,Crimson Knight,10/1/2025,31,3825,13881,25749
90000000000039,Red Rook,Crimson Knight,11/1/2025,30,4420,13550,29511
90000000000039,Red Rook,Crimson Knight,12/1/2025,31,4194,13084,27768
90000000000039,Red Rook,Crimson Knight,1/1/2026,31,4302,13670,28243
90000000000039,Red Rook,Crimson Knight,2/1/2026,28,3756,12372,24465
90000000000039,Red Rook,Crimson Knight,3/1/2026,31,2024,13912,13078
90000000000086,Violet Knight,Slate King,6/1/2024,30,10005,28853,87708
90000000000086,Violet Knight,Slate King,7/1/2024,31,46630,149469,190697
90000000000086,Violet Knight,Slate King,8/1/2024,31,43869,138758,190636
90000000000086,Violet Knight,Slate King,9/1/2024,30,22572,70862,146787
90000000000086,Violet Knight,Slate King,10/1/2024,31,24237,71161,159303
90000000000086,Violet Knight,Slate King,11/1/2024,30,18856,57225,125265
90000000000086,Violet Knight,Slate King,12/1/2024,31,16498,52553,110775
90000000000086,Violet Knight,Slate King,1/1/2025,31,15758,66553,106959
90000000000086,Violet Knight,Slate King,2/1/2025,28,12526,41554,85905
90000000000086,Violet Knight,Slate King,3/1/2025,31,13075,44814,90598
90000000000086,Violet Knight,Slate King,4/1/2025,30,11556,40376,80932
90000000000086,Violet Knight,Slate King,5/1/2025,31,10607,39780,75082
90000000000086,Violet Knight,Slate King,6/1/2025,30,9586,35528,68582
90000000000086,Violet Knight,Slate King,7/1/2025,31,13473,37254,97425
90000000000086,Violet Knight,Slate King,8/1/2025,31,12052,30990,88099
90000000000086,Violet Knight,Slate King,9/1/2025,30,9699,27266,71659
90000000000086,Violet Knight,Slate King,10/1/2025,31,7857,48420,58672
90000000000086,Violet Knight,Slate King,11/1/2025,30,5485,18731,41399
90000000000086,Violet Knight,Slate King,12/1/2025,31,7386,24467,56344
90000000000086,Violet Knight,Slate King,1/1/2026,31,6627,23646,51105
90000000000086,Violet Knight,Slate King,2/1/2026,28,6243,21705,48644
90000000000086,Violet Knight,Slate King,3/1/2026,31,6139,20485,48329
90000000000035,Orange Rook,Slate King,4/1/2021,30,1603,8051,12424
90000000000035,Orange Rook,Slate King,5/1/2021,31,22096,153512,156875
90000000000035,Orange Rook,Slate King,6/1/2021,30,12742,114162,100795
90000000000035,Orange Rook,Slate King,7/1/2021,31,12578,114869,99386
90000000000035,Orange Rook,Slate King,8/1/2021,31,10009,91557,78994
90000000000035,Orange Rook,Slate King,9/1/2021,30,9856,92227,77699
90000000000035,Orange Rook,Slate King,10/1/2021,31,9608,91980,75652
90000000000035,Orange Rook,Slate King,11/1/2021,30,8897,83165,69977
90000000000035,Orange Rook,Slate King,12/1/2021,31,8677,81601,68171
90000000000035,Orange Rook,Slate King,1/1/2022,31,7764,72051,60922
90000000000035,Orange Rook,Slate King,2/1/2022,28,6886,61334,53977
90000000000035,Orange Rook,Slate King,3/1/2022,31,7172,64362,56151
90000000000035,Orange Rook,Slate King,4/1/2022,30,6341,62651,49590
90000000000035,Orange Rook,Slate King,5/1/2022,31,7141,77066,55779
90000000000035,Orange Rook,Slate King,6/1/2022,30,6303,67554,49178
90000000000035,Orange Rook,Slate King,7/1/2022,31,6442,66808,50209
90000000000035,Orange Rook,Slate King,8/1/2022,31,5981,61209,46558
90000000000035,Orange Rook,Slate King,9/1/2022,30,5747,64034,44688
90000000000035,Orange Rook,Slate King,10/1/2022,31,5771,62820,44824
90000000000035,Orange Rook,Slate King,11/1/2022,30,4519,48413,35061
90000000000035,Orange Rook,Slate King,12/1/2022,31,5120,52425,39678
90000000000035,Orange Rook,Slate King,1/1/2023,31,5124,57632,39657
90000000000035,Orange Rook,Slate King,2/1/2023,28,4548,52682,35158
90000000000035,Orange Rook,Slate King,3/1/2023,31,2784,26338,21498
90000000000035,Orange Rook,Slate King,4/1/2023,30,3378,44387,26059
90000000000035,Orange Rook,Slate King,5/1/2023,31,4923,66991,37932
90000000000035,Orange Rook,Slate King,6/1/2023,30,4256,59938,32754
90000000000035,Orange Rook,Slate King,7/1/2023,31,4343,65107,33383
90000000000035,Orange Rook,Slate King,8/1/2023,31,4164,56158,31975
90000000000035,Orange Rook,Slate King,9/1/2023,30,3507,41356,26895
90000000000035,Orange Rook,Slate King,10/1/2023,31,3589,40660,27497
90000000000035,Orange Rook,Slate King,11/1/2023,30,3632,40496,27790
90000000000035,Orange Rook,Slate King,12/1/2023,31,3766,44405,28786
90000000000035,Orange Rook,Slate King,1/1/2024,31,3351,40967,25582
90000000000035,Orange Rook,Slate King,2/1/2024,29,3537,39583,26969
90000000000035,Orange Rook,Slate King,3/1/2024,31,3410,39412,25973
90000000000035,Orange Rook,Slate King,4/1/2024,30,3328,37216,25324
90000000000035,Orange Rook,Slate King,5/1/2024,31,3270,40694,24847
90000000000035,Orange Rook,Slate King,6/1/2024,30,2957,35958,22444
90000000000035,Orange Rook,Slate King,7/1/2024,31,3542,40229,26853
90000000000035,Orange Rook,Slate King,8/1/2024,31,3163,38979,23957
90000000000035,Orange Rook,Slate King,9/1/2024,30,3104,37859,23481
90000000000035,Orange Rook,Slate King,10/1/2024,31,2885,36624,21803
90000000000035,Orange Rook,Slate King,11/1/2024,30,3066,35658,23143
90000000000035,Orange Rook,Slate King,12/1/2024,31,3095,37802,23336
90000000000035,Orange Rook,Slate King,1/1/2025,31,2770,33263,20856
90000000000035,Orange Rook,Slate King,2/1/2025,28,2193,27996,16498
90000000000035,Orange Rook,Slate King,3/1/2025,31,2974,37755,22347
90000000000035,Orange Rook,Slate King,4/1/2025,30,2679,34772,20103
90000000000035,Orange Rook,Slate King,5/1/2025,31,2722,36347,20407
90000000000035,Orange Rook,Slate King,6/1/2025,30,2337,28262,17498
90000000000035,Orange Rook,Slate King,7/1/2025,31,3050,36230,22810
90000000000035,Orange Rook,Slate King,8/1/2025,31,2756,35069,20589
90000000000035,Orange Rook,Slate King,9/1/2025,30,2578,34844,19235
90000000000035,Orange Rook,Slate King,10/1/2025,31,2507,31971,18685
90000000000035,Orange Rook,Slate King,11/1/2025,30,2437,30888,18143
90000000000035,Orange Rook,Slate King,12/1/2025,31,2778,32766,20656
90000000000035,Orange Rook,Slate King,1/1/2026,31,2770,29935,20576
90000000000035,Orange Rook,Slate King,2/1/2026,28,2781,29597,20629
90000000000035,Orange Rook,Slate King,3/1/2026,31,2478,32226,18367
90000000000023,Black King,Gold Pawn,9/1/2022,30,9805,10738,26563
90000000000023,Black King,Gold Pawn,10/1/2022,31,22420,27935,61295
90000000000023,Black King,Gold Pawn,11/1/2022,30,21962,28411,59749
90000000000023,Black King,Gold Pawn,12/1/2022,31,15679,17642,42449
90000000000023,Black King,Gold Pawn,1/1/2023,31,8847,11411,23834
90000000000023,Black King,Gold Pawn,2/1/2023,28,10185,14196,27308
90000000000023,Black King,Gold Pawn,3/1/2023,31,14636,20832,39059
90000000000023,Black King,Gold Pawn,4/1/2023,30,12196,24852,32389
90000000000023,Black King,Gold Pawn,5/1/2023,31,10195,21811,26943
90000000000023,Black King,Gold Pawn,6/1/2023,30,8869,21771,23326
90000000000023,Black King,Gold Pawn,7/1/2023,31,8112,20674,21230
90000000000023,Black King,Gold Pawn,8/1/2023,31,5813,13715,15137
90000000000023,Black King,Gold Pawn,9/1/2023,30,6474,14734,16777
90000000000023,Black King,Gold Pawn,10/1/2023,31,6024,13960,15536
90000000000023,Black King,Gold Pawn,11/1/2023,30,6079,18085,15601
90000000000023,Black King,Gold Pawn,12/1/2023,31,5818,18832,14860
90000000000023,Black King,Gold Pawn,1/1/2024,31,4391,15463,11159
90000000000023,Black King,Gold Pawn,2/1/2024,29,4739,13321,11985
90000000000023,Black King,Gold Pawn,3/1/2024,31,5660,21560,14246
90000000000023,Black King,Gold Pawn,4/1/2024,30,4669,16107,11695
90000000000023,Black King,Gold Pawn,5/1/2024,31,4480,17473,11167
90000000000023,Black King,Gold Pawn,6/1/2024,30,4284,16626,10627
90000000000023,Black King,Gold Pawn,7/1/2024,31,4089,14818,10093
90000000000023,Black King,Gold Pawn,8/1/2024,31,3814,15599,9367
90000000000023,Black King,Gold Pawn,9/1/2024,30,2580,10825,6306
90000000000023,Black King,Gold Pawn,10/1/2024,31,4116,11300,10011
90000000000023,Black King,Gold Pawn,11/1/2024,30,3041,14186,7361
90000000000023,Black King,Gold Pawn,12/1/2024,31,1904,13603,4586
90000000000023,Black King,Gold Pawn,1/1/2025,31,208,160,500
90000000000023,Black King,Gold Pawn,2/1/2025,28,3553,5911,8476
90000000000023,Black King,Gold Pawn,3/1/2025,31,2906,3699,6901
90000000000023,Black King,Gold Pawn,4/1/2025,30,4116,2533,9726
90000000000023,Black King,Gold Pawn,5/1/2025,31,3547,2545,8341
90000000000023,Black King,Gold Pawn,6/1/2025,30,2188,2423,5121
90000000000023,Black King,Gold Pawn,7/1/2025,31,3264,4477,7600
90000000000023,Black King,Gold Pawn,8/1/2025,31,2278,4154,5277
90000000000023,Black King,Gold Pawn,9/1/2025,30,2178,3280,5021
90000000000023,Black King,Gold Pawn,10/1/2025,31,2361,3077,5417
90000000000023,Black King,Gold Pawn,11/1/2025,30,2450,4549,5593
90000000000023,Black King,Gold Pawn,12/1/2025,31,2379,5137,5405
90000000000023,Black King,Gold Pawn,1/1/2026,31,2446,6538,5531
90000000000023,Black King,Gold Pawn,2/1/2026,28,1933,4080,4350
90000000000023,Black King,Gold Pawn,3/1/2026,31,2430,7345,5442
90000000000003,Purple Rook,Crimson Knight,12/1/2023,31,15147,71679,34224
90000000000003,Purple Rook,Crimson Knight,1/1/2024,31,26630,139749,190497
90000000000003,Purple Rook,Crimson Knight,2/1/2024,29,18212,100686,175568
90000000000003,Purple Rook,Crimson Knight,3/1/2024,31,14074,71509,133004
90000000000003,Purple Rook,Crimson Knight,4/1/2024,30,11367,63219,105263
90000000000003,Purple Rook,Crimson Knight,5/1/2024,31,10466,59489,94973
90000000000003,Purple Rook,Crimson Knight,6/1/2024,30,7987,47835,71021
90000000000003,Purple Rook,Crimson Knight,7/1/2024,31,6957,38058,60620
90000000000003,Purple Rook,Crimson Knight,8/1/2024,31,9558,56644,81583
90000000000003,Purple Rook,Crimson Knight,9/1/2024,30,8650,56016,72349
90000000000003,Purple Rook,Crimson Knight,10/1/2024,31,8914,54832,73060
90000000000003,Purple Rook,Crimson Knight,11/1/2024,30,7106,43640,57071
90000000000003,Purple Rook,Crimson Knight,12/1/2024,31,7087,37827,55775
90000000000003,Purple Rook,Crimson Knight,1/1/2025,31,6778,43026,52254
90000000000003,Purple Rook,Crimson Knight,2/1/2025,28,4072,38059,30782
90000000000003,Purple Rook,Crimson Knight,3/1/2025,31,2117,7722,15693
90000000000003,Purple Rook,Crimson Knight,4/1/2025,30,5381,40731,39086
90000000000003,Purple Rook,Crimson Knight,5/1/2025,31,6755,50052,48081
90000000000003,Purple Rook,Crimson Knight,6/1/2025,30,5906,44249,41193
90000000000003,Purple Rook,Crimson Knight,7/1/2025,31,5859,42052,40044
90000000000003,Purple Rook,Crimson Knight,8/1/2025,31,5533,39570,37044
90000000000003,Purple Rook,Crimson Knight,9/1/2025,30,5117,34745,33570
90000000000003,Purple Rook,Crimson Knight,10/1/2025,31,4946,36990,31797
90000000000003,Purple Rook,Crimson Knight,11/1/2025,30,4639,34382,29224
90000000000003,Purple Rook,Crimson Knight,12/1/2025,31,4704,32509,29038
90000000000003,Purple Rook,Crimson Knight,1/1/2026,31,4251,30217,25706
90000000000003,Purple Rook,Crimson Knight,2/1/2026,28,3494,24005,20717
90000000000003,Purple Rook,Crimson Knight,3/1/2026,31,2429,18190,14123
90000000000034,Ivory Pawn,Gold Pawn,2/1/2020,29,2394,1272,8962
90000000000034,Ivory Pawn,Gold Pawn,3/1/2020,31,6350,6943,27771
90000000000034,Ivory Pawn,Gold Pawn,4/1/2020,30,5372,4036,21105
90000000000034,Ivory Pawn,Gold Pawn,5/1/2020,31,4420,3857,18013
90000000000034,Ivory Pawn,Gold Pawn,6/1/2020,30,3770,4094,15942
90000000000034,Ivory Pawn,Gold Pawn,7/1/2020,31,3309,3902,14515
90000000000034,Ivory Pawn,Gold Pawn,8/1/2020,31,2702,3261,12306
90000000000034,Ivory Pawn,Gold Pawn,9/1/2020,30,2660,3187,12566
90000000000034,Ivory Pawn,Gold Pawn,10/1/2020,31,2716,3394,13314
90000000000034,Ivory Pawn,Gold Pawn,11/1/2020,30,2343,3475,11914
90000000000034,Ivory Pawn,Gold Pawn,12/1/2020,31,1570,1914,8280
90000000000034,Ivory Pawn,Gold Pawn,1/1/2021,31,1379,1278,7553
90000000000034,Ivory Pawn,Gold Pawn,2/1/2021,28,1236,1282,7011
90000000000034,Ivory Pawn,Gold Pawn,3/1/2021,31,2057,2233,12096
90000000000034,Ivory Pawn,Gold Pawn,4/1/2021,30,1700,1956,10368
90000000000034,Ivory Pawn,Gold Pawn,5/1/2021,31,1571,2013,9938
90000000000034,Ivory Pawn,Gold Pawn,6/1/2021,30,1334,1630,8757
90000000000034,Ivory Pawn,Gold Pawn,7/1/2021,31,1431,2175,9743
90000000000034,Ivory Pawn,Gold Pawn,8/1/2021,31,1408,1530,9956
90000000000034,Ivory Pawn,Gold Pawn,9/1/2021,30,1124,1467,8243
90000000000034,Ivory Pawn,Gold Pawn,10/1/2021,31,471,791,3584
90000000000034,Ivory Pawn,Gold Pawn,11/1/2021,30,1392,2033,10992
90000000000034,Ivory Pawn,Gold Pawn,12/1/2021,31,957,1710,7834
90000000000034,Ivory Pawn,Gold Pawn,1/1/2022,31,574,969,4879
90000000000034,Ivory Pawn,Gold Pawn,2/1/2022,28,1435,1835,12642
90000000000034,Ivory Pawn,Gold Pawn,3/1/2022,31,1282,2424,11701
90000000000034,Ivory Pawn,Gold Pawn,4/1/2022,30,1010,1618,9567
90000000000034,Ivory Pawn,Gold Pawn,5/1/2022,31,721,1271,7084
90000000000034,Ivory Pawn,Gold Pawn,6/1/2022,30,755,1142,7694
90000000000034,Ivory Pawn,Gold Pawn,7/1/2022,31,873,1013,9228
90000000000034,Ivory Pawn,Gold Pawn,8/1/2022,31,309,209,3393
90000000000034,Ivory Pawn,Gold Pawn,9/1/2022,30,637,937,7258
90000000000034,Ivory Pawn,Gold Pawn,10/1/2022,31,714,1528,8435
90000000000034,Ivory Pawn,Gold Pawn,11/1/2022,30,568,1511,6958
90000000000034,Ivory Pawn,Gold Pawn,12/1/2022,31,640,1598,8133
90000000000034,Ivory Pawn,Gold Pawn,1/1/2023,31,185,471,2448
90000000000034,Ivory Pawn,Gold Pawn,2/1/2023,28,85,66,1158
90000000000034,Ivory Pawn,Gold Pawn,3/1/2023,31,173,11,2450
90000000000034,Ivory Pawn,Gold Pawn,4/1/2023,30,540,435,7939
90000000000034,Ivory Pawn,Gold Pawn,5/1/2023,31,535,660,8158
90000000000034,Ivory Pawn,Gold Pawn,6/1/2023,30,504,1054,7983
90000000000034,Ivory Pawn,Gold Pawn,7/1/2023,31,204,177,3346
90000000000034,Ivory Pawn,Gold Pawn,8/1/2023,31,615,1680,10482
90000000000034,Ivory Pawn,Gold Pawn,9/1/2023,30,277,688,4898
90000000000034,Ivory Pawn,Gold Pawn,10/1/2023,31,503,1782,9225
90000000000034,Ivory Pawn,Gold Pawn,11/1/2023,30,446,1515,8492
90000000000034,Ivory Pawn,Gold Pawn,12/1/2023,31,451,2051,8900
90000000000034,Ivory Pawn,Gold Pawn,1/1/2024,31,434,2059,8885
90000000000034,Ivory Pawn,Gold Pawn,2/1/2024,29,367,1824,7801
90000000000034,Ivory Pawn,Gold Pawn,3/1/2024,31,318,1620,6995
90000000000034,Ivory Pawn,Gold Pawn,4/1/2024,30,360,1676,8227
90000000000034,Ivory Pawn,Gold Pawn,5/1/2024,31,333,2125,7890
90000000000034,Ivory Pawn,Gold Pawn,6/1/2024,30,311,2002,7656
90000000000034,Ivory Pawn,Gold Pawn,7/1/2024,31,228,1648,5829
90000000000034,Ivory Pawn,Gold Pawn,8/1/2024,31,337,2087,8909
90000000000034,Ivory Pawn,Gold Pawn,9/1/2024,30,288,1846,7880
90000000000034,Ivory Pawn,Gold Pawn,10/1/2024,31,301,1925,8497
90000000000034,Ivory Pawn,Gold Pawn,11/1/2024,30,9,76,253
90000000000034,Ivory Pawn,Gold Pawn,12/1/2024,31,80,377,2399
90000000000034,Ivory Pawn,Gold Pawn,1/1/2025,31,65,249,2002
90000000000034,Ivory Pawn,Gold Pawn,2/1/2025,28,104,548,3265
90000000000034,Ivory Pawn,Gold Pawn,3/1/2025,31,60,77,1942
90000000000034,Ivory Pawn,Gold Pawn,4/1/2025,30,375,105,12324
90000000000034,Ivory Pawn,Gold Pawn,5/1/2025,31,355,1632,11878
90000000000034,Ivory Pawn,Gold Pawn,6/1/2025,30,133,1659,4532
90000000000034,Ivory Pawn,Gold Pawn,7/1/2025,31,64,1476,2231
90000000000034,Ivory Pawn,Gold Pawn,8/1/2025,31,296,1195,10436
90000000000034,Ivory Pawn,Gold Pawn,9/1/2025,30,336,1503,12004
90000000000034,Ivory Pawn,Gold Pawn,10/1/2025,31,287,1086,10402
90000000000034,Ivory Pawn,Gold Pawn,11/1/2025,30,255,1322,9335
90000000000034,Ivory Pawn,Gold Pawn,12/1/2025,31,308,2051,11413
90000000000034,Ivory Pawn,Gold Pawn,1/1/2026,31,303,2183,11336
90000000000034,Ivory Pawn,Gold Pawn,2/1/2026,28,232,2631,8764
90000000000034,Ivory Pawn,Gold Pawn,3/1/2026,31,232,1810,8806
90000000000082,Maroon Bishop,Slate King,9/1/2022,30,1011,2150,5199
90000000000082,Maroon Bishop,Slate King,10/1/2022,31,31365,91552,188108
90000000000082,Maroon Bishop,Slate King,11/1/2022,30,27619,77304,146602
90000000000082,Maroon Bishop,Slate King,12/1/2022,31,22866,59681,120570
90000000000082,Maroon Bishop,Slate King,1/1/2023,31,19937,65745,104419
90000000000082,Maroon Bishop,Slate King,2/1/2023,28,12315,44314,64086
90000000000082,Maroon Bishop,Slate King,3/1/2023,31,15085,47380,77999
90000000000082,Maroon Bishop,Slate King,4/1/2023,30,15229,44795,78222
90000000000082,Maroon Bishop,Slate King,5/1/2023,31,12822,43010,65423
90000000000082,Maroon Bishop,Slate King,6/1/2023,30,9538,31565,48345
90000000000082,Maroon Bishop,Slate King,7/1/2023,31,12923,39026,65069
90000000000082,Maroon Bishop,Slate King,8/1/2023,31,11843,34251,59230
90000000000082,Maroon Bishop,Slate King,9/1/2023,30,9547,32142,47431
90000000000082,Maroon Bishop,Slate King,10/1/2023,31,8600,30530,42444
90000000000082,Maroon Bishop,Slate King,11/1/2023,30,7854,27523,38505
90000000000082,Maroon Bishop,Slate King,12/1/2023,31,7830,28131,38134
90000000000082,Maroon Bishop,Slate King,1/1/2024,31,8047,27053,38927
90000000000082,Maroon Bishop,Slate King,2/1/2024,29,7283,25536,35002
90000000000082,Maroon Bishop,Slate King,3/1/2024,31,7079,27691,33800
90000000000082,Maroon Bishop,Slate King,4/1/2024,30,6864,23324,32557
90000000000082,Maroon Bishop,Slate King,5/1/2024,31,6264,23199,29514
90000000000082,Maroon Bishop,Slate King,6/1/2024,30,6124,22271,28664
90000000000082,Maroon Bishop,Slate King,7/1/2024,31,6189,21406,28776
90000000000082,Maroon Bishop,Slate King,8/1/2024,31,5687,21774,26264
90000000000082,Maroon Bishop,Slate King,9/1/2024,30,5475,20104,25118
90000000000082,Maroon Bishop,Slate King,10/1/2024,31,5411,21805,24660
90000000000082,Maroon Bishop,Slate King,11/1/2024,30,5383,20355,24370
90000000000082,Maroon Bishop,Slate King,12/1/2024,31,5043,18753,22680
90000000000082,Maroon Bishop,Slate King,1/1/2025,31,5285,19449,23608
90000000000082,Maroon Bishop,Slate King,2/1/2025,28,4400,17281,19529
90000000000082,Maroon Bishop,Slate King,3/1/2025,31,4649,17770,20502
90000000000082,Maroon Bishop,Slate King,4/1/2025,30,4210,16018,18443
90000000000082,Maroon Bishop,Slate King,5/1/2025,31,4164,14828,18121
90000000000082,Maroon Bishop,Slate King,6/1/2025,30,3709,15977,16034
90000000000082,Maroon Bishop,Slate King,7/1/2025,31,3792,14932,16285
90000000000082,Maroon Bishop,Slate King,8/1/2025,31,4145,15234,17681
90000000000082,Maroon Bishop,Slate King,9/1/2025,30,4582,16639,19416
90000000000082,Maroon Bishop,Slate King,10/1/2025,31,3932,16058,16551
90000000000082,Maroon Bishop,Slate King,11/1/2025,30,4487,21095,18762
90000000000082,Maroon Bishop,Slate King,12/1/2025,31,3453,14180,14343
90000000000082,Maroon Bishop,Slate King,1/1/2026,31,3730,15991,15390
90000000000082,Maroon Bishop,Slate King,2/1/2026,28,3448,14503,14135
90000000000082,Maroon Bishop,Slate King,3/1/2026,31,3427,15907,13959
90000000000078,White Bishop,Crimson Knight,5/1/2024,31,43877,87143,124300
90000000000078,White Bishop,Crimson Knight,6/1/2024,30,14581,38285,42393
90000000000078,White Bishop,Crimson Knight,7/1/2024,31,15498,40723,46412
90000000000078,White Bishop,Crimson Knight,8/1/2024,31,16563,42263,51119
90000000000078,White Bishop,Crimson Knight,9/1/2024,30,12622,31704,40126
90000000000078,White Bishop,Crimson Knight,10/1/2024,31,13259,34295,43421
90000000000078,White Bishop,Crimson Knight,11/1/2024,30,11286,29722,38070
90000000000078,White Bishop,Crimson Knight,12/1/2024,31,10211,25850,35480
90000000000078,White Bishop,Crimson Knight,1/1/2025,31,9472,24793,33917
90000000000078,White Bishop,Crimson Knight,2/1/2025,28,7691,19962,28344
90000000000078,White Bishop,Crimson Knight,3/1/2025,31,7626,19505,28917
90000000000078,White Bishop,Crimson Knight,4/1/2025,30,6615,16677,25840
90000000000078,White Bishop,Crimson Knight,5/1/2025,31,6439,15931,25910
90000000000078,White Bishop,Crimson Knight,6/1/2025,30,5522,13469,22886
90000000000078,White Bishop,Crimson Knight,7/1/2025,31,5516,12926,23551
90000000000078,White Bishop,Crimson Knight,8/1/2025,31,5188,11557,22825
90000000000078,White Bishop,Crimson Knight,9/1/2025,30,4890,10959,22162
90000000000078,White Bishop,Crimson Knight,10/1/2025,31,3390,7454,15825
90000000000078,White Bishop,Crimson Knight,11/1/2025,30,3825,6705,18395
90000000000078,White Bishop,Crimson Knight,12/1/2025,31,3544,5966,17554
90000000000078,White Bishop,Crimson Knight,1/1/2026,31,3548,5735,18113
90000000000078,White Bishop,Crimson Knight,2/1/2026,28,3028,4796,15905
90000000000078,White Bishop,Crimson Knight,3/1/2026,31,1594,4983,8619
90000000000021,Cyan King,Slate King,6/1/2024,30,9371,31501,94588
90000000000021,Cyan King,Slate King,7/1/2024,31,41579,161093,190713
90000000000021,Cyan King,Slate King,8/1/2024,31,39313,198234,190650
90000000000021,Cyan King,Slate King,9/1/2024,30,21075,105667,152951
90000000000021,Cyan King,Slate King,10/1/2024,31,24472,134989,177516
90000000000021,Cyan King,Slate King,11/1/2024,30,19144,115545,139087
90000000000021,Cyan King,Slate King,12/1/2024,31,18703,120854,135957
90000000000021,Cyan King,Slate King,1/1/2025,31,16737,107483,121732
90000000000021,Cyan King,Slate King,2/1/2025,28,13514,91353,98342
90000000000021,Cyan King,Slate King,3/1/2025,31,15888,81638,115678
90000000000021,Cyan King,Slate King,4/1/2025,30,13636,81056,99336
90000000000021,Cyan King,Slate King,5/1/2025,31,12146,90349,88529
90000000000021,Cyan King,Slate King,6/1/2025,30,11349,82268,82765
90000000000021,Cyan King,Slate King,7/1/2025,31,8030,85115,58592
90000000000021,Cyan King,Slate King,8/1/2025,31,7398,81313,54010
90000000000021,Cyan King,Slate King,9/1/2025,30,6532,79327,47714
90000000000021,Cyan King,Slate King,10/1/2025,31,9121,62374,66661
90000000000021,Cyan King,Slate King,11/1/2025,30,9398,71661,68723
90000000000021,Cyan King,Slate King,12/1/2025,31,9090,65635,66506
90000000000021,Cyan King,Slate King,1/1/2026,31,7802,62801,57114
90000000000021,Cyan King,Slate King,2/1/2026,28,6811,58200,49886
90000000000021,Cyan King,Slate King,3/1/2026,31,8197,66041,60069
90000000000013,Blue Bishop,Gold Pawn,8/1/2020,31,34303,37896,107224
90000000000013,Blue Bishop,Gold Pawn,9/1/2020,30,29243,33272,123911
90000000000013,Blue Bishop,Gold Pawn,10/1/2020,31,14428,13744,47828
90000000000013,Blue Bishop,Gold Pawn,11/1/2020,30,21410,24644,72172
90000000000013,Blue Bishop,Gold Pawn,12/1/2020,31,23261,25568,79736
90000000000013,Blue Bishop,Gold Pawn,1/1/2021,31,21132,27170,73682
90000000000013,Blue Bishop,Gold Pawn,2/1/2021,28,13638,19494,48330
90000000000013,Blue Bishop,Gold Pawn,3/1/2021,31,1418,1957,5107
90000000000013,Blue Bishop,Gold Pawn,4/1/2021,30,9186,10430,33643
90000000000013,Blue Bishop,Gold Pawn,5/1/2021,31,12795,13148,47653
90000000000013,Blue Bishop,Gold Pawn,6/1/2021,30,9618,11106,36426
90000000000013,Blue Bishop,Gold Pawn,7/1/2021,31,9035,11575,34796
90000000000013,Blue Bishop,Gold Pawn,8/1/2021,31,4011,5372,15713
90000000000013,Blue Bishop,Gold Pawn,9/1/2021,0,0,0,0
90000000000013,Blue Bishop,Gold Pawn,10/1/2021,31,2467,6433,9994
90000000000013,Blue Bishop,Gold Pawn,11/1/2021,30,8071,18634,33247
90000000000013,Blue Bishop,Gold Pawn,12/1/2021,31,8151,16796,34144
90000000000013,Blue Bishop,Gold Pawn,1/1/2022,31,7654,13313,32613
90000000000013,Blue Bishop,Gold Pawn,2/1/2022,28,7104,12934,30764
90000000000013,Blue Bishop,Gold Pawn,3/1/2022,31,7239,13441,31860
90000000000013,Blue Bishop,Gold Pawn,4/1/2022,30,6370,10934,28509
90000000000013,Blue Bishop,Gold Pawn,5/1/2022,31,6247,13048,28431
90000000000013,Blue Bishop,Gold Pawn,6/1/2022,30,2732,6154,12644
90000000000013,Blue Bishop,Gold Pawn,7/1/2022,31,5017,5866,23611
90000000000013,Blue Bishop,Gold Pawn,8/1/2022,31,5124,4019,24529
90000000000013,Blue Bishop,Gold Pawn,9/1/2022,30,5239,4768,25503
90000000000013,Blue Bishop,Gold Pawn,10/1/2022,31,4195,3662,20766
90000000000013,Blue Bishop,Gold Pawn,11/1/2022,30,847,914,4264
90000000000013,Blue Bishop,Gold Pawn,12/1/2022,31,1453,1499,7438
90000000000013,Blue Bishop,Gold Pawn,1/1/2023,31,4607,6319,23988
90000000000013,Blue Bishop,Gold Pawn,2/1/2023,28,3332,3451,17633
90000000000013,Blue Bishop,Gold Pawn,3/1/2023,31,3204,709,17232
90000000000013,Blue Bishop,Gold Pawn,4/1/2023,30,2750,773,15040
90000000000013,Blue Bishop,Gold Pawn,5/1/2023,31,453,20,2519
90000000000013,Blue Bishop,Gold Pawn,6/1/2023,30,4284,2147,24228
90000000000013,Blue Bishop,Gold Pawn,7/1/2023,31,4646,2903,26720
90000000000013,Blue Bishop,Gold Pawn,8/1/2023,31,6895,3948,40335
90000000000013,Blue Bishop,Gold Pawn,9/1/2023,30,6151,3683,36591
90000000000013,Blue Bishop,Gold Pawn,10/1/2023,31,6555,5130,39653
90000000000013,Blue Bishop,Gold Pawn,11/1/2023,30,5975,6774,36755
90000000000013,Blue Bishop,Gold Pawn,12/1/2023,31,5860,7119,36656
90000000000013,Blue Bishop,Gold Pawn,1/1/2024,31,4011,4776,25521
90000000000013,Blue Bishop,Gold Pawn,2/1/2024,29,4065,5770,26295
90000000000013,Blue Bishop,Gold Pawn,3/1/2024,31,3120,6415,20517
90000000000013,Blue Bishop,Gold Pawn,4/1/2024,30,1392,11036,9308
90000000000013,Blue Bishop,Gold Pawn,5/1/2024,31,1750,7213,11900
90000000000013,Blue Bishop,Gold Pawn,6/1/2024,30,1183,5036,8180
90000000000013,Blue Bishop,Gold Pawn,7/1/2024,31,1253,4279,8811
90000000000013,Blue Bishop,Gold Pawn,8/1/2024,31,1301,4379,9305
90000000000013,Blue Bishop,Gold Pawn,9/1/2024,30,979,4134,7121
90000000000013,Blue Bishop,Gold Pawn,10/1/2024,31,767,4250,5673
90000000000013,Blue Bishop,Gold Pawn,11/1/2024,30,1029,3703,7739
90000000000013,Blue Bishop,Gold Pawn,12/1/2024,31,843,3112,6448
90000000000013,Blue Bishop,Gold Pawn,1/1/2025,31,1462,4851,11374
90000000000013,Blue Bishop,Gold Pawn,2/1/2025,28,1396,5403,11038
90000000000013,Blue Bishop,Gold Pawn,3/1/2025,31,1200,385,9643
90000000000013,Blue Bishop,Gold Pawn,4/1/2025,30,1553,457,12691
90000000000013,Blue Bishop,Gold Pawn,5/1/2025,31,1443,9102,11991
90000000000013,Blue Bishop,Gold Pawn,6/1/2025,30,912,8680,7707
90000000000013,Blue Bishop,Gold Pawn,7/1/2025,31,984,8435,8455
90000000000013,Blue Bishop,Gold Pawn,8/1/2025,31,1007,10619,8802
90000000000013,Blue Bishop,Gold Pawn,9/1/2025,30,962,9800,8550
90000000000013,Blue Bishop,Gold Pawn,10/1/2025,31,833,14663,7529
90000000000013,Blue Bishop,Gold Pawn,11/1/2025,30,903,16250,8300
90000000000013,Blue Bishop,Gold Pawn,12/1/2025,31,1068,18373,9982
90000000000013,Blue Bishop,Gold Pawn,1/1/2026,31,1021,11474,9706
90000000000013,Blue Bishop,Gold Pawn,2/1/2026,28,1537,15086,14851
90000000000013,Blue Bishop,Gold Pawn,3/1/2026,31,1001,15770,9830
90000000000037,Crimson King,Slate King,2/1/2026,28,1337,7682,92
90000000000037,Crimson King,Slate King,3/1/2026,31,1524,9150,104
90000000000051,Yellow Bishop,Slate King,3/1/2021,31,8243,27006,27807
90000000000051,Yellow Bishop,Slate King,4/1/2021,30,16289,65153,55738
90000000000051,Yellow Bishop,Slate King,5/1/2021,31,8965,38813,30641
90000000000051,Yellow Bishop,Slate King,6/1/2021,30,6895,26431,23539
90000000000051,Yellow Bishop,Slate King,7/1/2021,31,6422,24099,21898
90000000000051,Yellow Bishop,Slate King,8/1/2021,31,5973,20469,20343
90000000000051,Yellow Bishop,Slate King,9/1/2021,30,4848,20541,16492
90000000000051,Yellow Bishop,Slate King,10/1/2021,31,4773,19429,16217
90000000000051,Yellow Bishop,Slate King,11/1/2021,30,4471,0,15176
90000000000051,Yellow Bishop,Slate King,12/1/2021,31,3988,16259,13520
90000000000051,Yellow Bishop,Slate King,1/1/2022,31,3853,11698,13049
90000000000051,Yellow Bishop,Slate King,2/1/2022,28,3420,12787,11568
90000000000051,Yellow Bishop,Slate King,3/1/2022,31,3469,14581,11720
90000000000051,Yellow Bishop,Slate King,4/1/2022,30,2925,13489,9872
90000000000051,Yellow Bishop,Slate King,5/1/2022,31,2997,13712,10103
90000000000051,Yellow Bishop,Slate King,6/1/2022,30,2654,12396,8937
90000000000051,Yellow Bishop,Slate King,7/1/2022,31,2767,13918,9305
90000000000051,Yellow Bishop,Slate King,8/1/2022,31,2555,14011,8584
90000000000051,Yellow Bishop,Slate King,9/1/2022,30,2727,13575,9148
90000000000051,Yellow Bishop,Slate King,10/1/2022,31,4237,13324,14201
90000000000051,Yellow Bishop,Slate King,11/1/2022,30,4094,11572,13705
90000000000051,Yellow Bishop,Slate King,12/1/2022,31,3314,12193,11079
90000000000051,Yellow Bishop,Slate King,1/1/2023,31,2509,13877,8380
90000000000051,Yellow Bishop,Slate King,2/1/2023,28,2481,11908,8276
90000000000051,Yellow Bishop,Slate King,3/1/2023,31,2732,10804,9104
90000000000051,Yellow Bishop,Slate King,4/1/2023,30,2662,12255,8862
90000000000051,Yellow Bishop,Slate King,5/1/2023,31,2884,14511,9589
90000000000051,Yellow Bishop,Slate King,6/1/2023,30,2371,12877,7874
90000000000051,Yellow Bishop,Slate King,7/1/2023,31,2408,13819,7988
90000000000051,Yellow Bishop,Slate King,8/1/2023,31,2357,13444,7810
90000000000051,Yellow Bishop,Slate King,9/1/2023,30,2196,13196,7268
90000000000051,Yellow Bishop,Slate King,10/1/2023,31,2445,12885,8080
90000000000051,Yellow Bishop,Slate King,11/1/2023,30,2533,12424,8362
90000000000051,Yellow Bishop,Slate King,12/1/2023,31,2839,12330,9361
90000000000051,Yellow Bishop,Slate King,1/1/2024,31,2537,12474,8357
90000000000051,Yellow Bishop,Slate King,2/1/2024,29,2329,11760,7661
90000000000051,Yellow Bishop,Slate King,3/1/2024,31,2551,12345,8383
90000000000051,Yellow Bishop,Slate King,4/1/2024,30,2391,10633,7847
90000000000051,Yellow Bishop,Slate King,5/1/2024,31,2342,10697,7678
90000000000051,Yellow Bishop,Slate King,6/1/2024,30,2169,10303,7102
90000000000051,Yellow Bishop,Slate King,7/1/2024,31,2222,11807,7268
90000000000051,Yellow Bishop,Slate King,8/1/2024,31,2234,12342,7299
90000000000051,Yellow Bishop,Slate King,9/1/2024,30,2063,11308,6731
90000000000051,Yellow Bishop,Slate King,10/1/2024,31,2128,11535,6938
90000000000051,Yellow Bishop,Slate King,11/1/2024,30,2039,7988,6639
90000000000051,Yellow Bishop,Slate King,12/1/2024,31,1972,11587,6414
90000000000051,Yellow Bishop,Slate King,1/1/2025,31,2163,10871,7026
90000000000051,Yellow Bishop,Slate King,2/1/2025,28,1899,10161,6161
90000000000051,Yellow Bishop,Slate King,3/1/2025,31,2188,12121,7093
90000000000051,Yellow Bishop,Slate King,4/1/2025,30,2060,11629,6669
90000000000051,Yellow Bishop,Slate King,5/1/2025,31,2114,12004,6835
90000000000051,Yellow Bishop,Slate King,6/1/2025,30,1969,11286,6359
90000000000051,Yellow Bishop,Slate King,7/1/2025,31,2041,11799,6584
90000000000051,Yellow Bishop,Slate King,8/1/2025,31,1956,11259,6304
90000000000051,Yellow Bishop,Slate King,9/1/2025,30,1881,11414,6054
90000000000051,Yellow Bishop,Slate King,10/1/2025,31,1308,5988,4204
90000000000051,Yellow Bishop,Slate King,11/1/2025,30,1572,9698,5049
90000000000051,Yellow Bishop,Slate King,12/1/2025,31,2192,9310,7030
90000000000051,Yellow Bishop,Slate King,1/1/2026,31,1972,9481,6317
90000000000051,Yellow Bishop,Slate King,2/1/2026,28,1495,7611,4785
90000000000051,Yellow Bishop,Slate King,3/1/2026,31,1240,7042,3965
90000000000009,Blue Rook,Crimson Knight,4/1/2025,30,23616,39541,73047
90000000000009,Blue Rook,Crimson Knight,5/1/2025,31,21108,35922,85111
90000000000009,Blue Rook,Crimson Knight,6/1/2025,30,19540,36689,78621
90000000000009,Blue Rook,Crimson Knight,7/1/2025,31,14483,28657,58151
90000000000009,Blue Rook,Crimson Knight,8/1/2025,31,15916,32401,63763
90000000000009,Blue Rook,Crimson Knight,9/1/2025,30,14466,31205,57831
90000000000009,Blue Rook,Crimson Knight,10/1/2025,31,12864,28849,51316
90000000000009,Blue Rook,Crimson Knight,11/1/2025,30,12104,28336,48183
90000000000009,Blue Rook,Crimson Knight,12/1/2025,31,11311,27786,44930
90000000000009,Blue Rook,Crimson Knight,1/1/2026,31,10590,27964,41975
90000000000009,Blue Rook,Crimson Knight,2/1/2026,28,9162,24541,36243
90000000000009,Blue Rook,Crimson Knight,3/1/2026,31,7553,22982,29814
90000000000061,Bronze Rook,Crimson Knight,1/1/2021,31,1277,1290,0
90000000000061,Bronze Rook,Crimson Knight,2/1/2021,28,5523,9422,0
90000000000061,Bronze Rook,Crimson Knight,3/1/2021,31,13218,22281,0
90000000000061,Bronze Rook,Crimson Knight,4/1/2021,30,13328,23545,0
90000000000061,Bronze Rook,Crimson Knight,5/1/2021,31,13009,24001,0
90000000000061,Bronze Rook,Crimson Knight,6/1/2021,30,12763,23572,0
90000000000061,Bronze Rook,Crimson Knight,7/1/2021,31,13058,25504,0
90000000000061,Bronze Rook,Crimson Knight,8/1/2021,31,12651,25506,0
90000000000061,Bronze Rook,Crimson Knight,9/1/2021,30,12127,24106,0
90000000000061,Bronze Rook,Crimson Knight,10/1/2021,31,11589,24549,0
90000000000061,Bronze Rook,Crimson Knight,11/1/2021,30,10115,20577,0
90000000000061,Bronze Rook,Crimson Knight,12/1/2021,31,9015,18883,0
90000000000061,Bronze Rook,Crimson Knight,1/1/2022,31,1634,3324,0
90000000000061,Bronze Rook,Crimson Knight,2/1/2022,28,8342,16157,0
90000000000061,Bronze Rook,Crimson Knight,3/1/2022,31,8380,14493,0
90000000000061,Bronze Rook,Crimson Knight,4/1/2022,30,6185,11518,0
90000000000061,Bronze Rook,Crimson Knight,5/1/2022,31,8299,16852,0
90000000000061,Bronze Rook,Crimson Knight,6/1/2022,30,10337,18933,0
90000000000061,Bronze Rook,Crimson Knight,7/1/2022,31,8847,19558,0
90000000000061,Bronze Rook,Crimson Knight,8/1/2022,31,8798,20062,0
90000000000061,Bronze Rook,Crimson Knight,9/1/2022,30,8112,18629,0
90000000000061,Bronze Rook,Crimson Knight,10/1/2022,31,8301,19563,0
90000000000061,Bronze Rook,Crimson Knight,11/1/2022,30,7146,17749,0
90000000000061,Bronze Rook,Crimson Knight,12/1/2022,31,7404,18640,0
90000000000061,Bronze Rook,Crimson Knight,1/1/2023,31,6523,16609,0
90000000000061,Bronze Rook,Crimson Knight,2/1/2023,28,6703,14356,0
90000000000061,Bronze Rook,Crimson Knight,3/1/2023,31,6183,15030,0
90000000000061,Bronze Rook,Crimson Knight,4/1/2023,30,5538,14070,0
90000000000061,Bronze Rook,Crimson Knight,5/1/2023,31,5467,11313,0
90000000000061,Bronze Rook,Crimson Knight,6/1/2023,30,5010,12234,0
90000000000061,Bronze Rook,Crimson Knight,7/1/2023,31,4648,11928,0
90000000000061,Bronze Rook,Crimson Knight,8/1/2023,31,4910,12427,0
90000000000061,Bronze Rook,Crimson Knight,9/1/2023,30,4404,11181,0
90000000000061,Bronze Rook,Crimson Knight,10/1/2023,31,4154,10865,0
90000000000061,Bronze Rook,Crimson Knight,11/1/2023,30,4004,10158,0
90000000000061,Bronze Rook,Crimson Knight,12/1/2023,31,4209,10028,0
90000000000061,Bronze Rook,Crimson Knight,1/1/2024,31,3880,5559,0
90000000000061,Bronze Rook,Crimson Knight,2/1/2024,29,3724,8919,0
90000000000061,Bronze Rook,Crimson Knight,3/1/2024,31,3777,8769,0
90000000000061,Bronze Rook,Crimson Knight,4/1/2024,30,3436,11313,0
90000000000061,Bronze Rook,Crimson Knight,5/1/2024,31,3655,8555,0
90000000000061,Bronze Rook,Crimson Knight,6/1/2024,30,3355,8545,0
90000000000061,Bronze Rook,Crimson Knight,7/1/2024,31,2544,5541,0
90000000000061,Bronze Rook,Crimson Knight,8/1/2024,31,3403,8162,0
90000000000061,Bronze Rook,Crimson Knight,9/1/2024,30,2840,6835,0
90000000000061,Bronze Rook,Crimson Knight,10/1/2024,31,2582,7351,0
90000000000061,Bronze Rook,Crimson Knight,11/1/2024,30,2928,6188,0
90000000000061,Bronze Rook,Crimson Knight,12/1/2024,31,2730,6250,0
90000000000061,Bronze Rook,Crimson Knight,1/1/2025,31,2875,6811,0
90000000000061,Bronze Rook,Crimson Knight,2/1/2025,28,2776,7051,0
90000000000061,Bronze Rook,Crimson Knight,3/1/2025,31,2698,6964,0
90000000000061,Bronze Rook,Crimson Knight,4/1/2025,30,2620,7111,0
90000000000061,Bronze Rook,Crimson Knight,5/1/2025,31,2679,7111,0
90000000000061,Bronze Rook,Crimson Knight,6/1/2025,30,2318,6161,0
90000000000061,Bronze Rook,Crimson Knight,7/1/2025,31,2372,5803,0
90000000000061,Bronze Rook,Crimson Knight,8/1/2025,31,2372,5803,0
90000000000061,Bronze Rook,Crimson Knight,9/1/2025,30,2443,6296,0
90000000000061,Bronze Rook,Crimson Knight,10/1/2025,31,2738,8484,0
90000000000061,Bronze Rook,Crimson Knight,11/1/2025,30,2410,8526,0
90000000000061,Bronze Rook,Crimson Knight,12/1/2025,31,2548,6829,0
90000000000061,Bronze Rook,Crimson Knight,1/1/2026,31,2281,6561,0
90000000000061,Bronze Rook,Crimson Knight,2/1/2026,28,2453,7065,0
90000000000061,Bronze Rook,Crimson Knight,3/1/2026,31,2629,7417,0
90000000000031,Orange Knight,Gold Pawn,3/1/2023,31,2742,2787,7453
90000000000031,Orange Knight,Gold Pawn,4/1/2023,30,20478,26295,57710
90000000000031,Orange Knight,Gold Pawn,5/1/2023,31,13013,18031,37218
90000000000031,Orange Knight,Gold Pawn,6/1/2023,30,6653,9353,19311
90000000000031,Orange Knight,Gold Pawn,7/1/2023,31,20221,26874,59568
90000000000031,Orange Knight,Gold Pawn,8/1/2023,31,11508,14918,34414
90000000000031,Orange Knight,Gold Pawn,9/1/2023,30,13371,15970,40579
90000000000031,Orange Knight,Gold Pawn,10/1/2023,31,11525,14881,35498
90000000000031,Orange Knight,Gold Pawn,11/1/2023,30,9782,14153,30578
90000000000031,Orange Knight,Gold Pawn,12/1/2023,31,10286,15218,32630
90000000000031,Orange Knight,Gold Pawn,1/1/2024,31,8667,13322,27912
90000000000031,Orange Knight,Gold Pawn,2/1/2024,29,6973,11215,22785
90000000000031,Orange Knight,Gold Pawn,3/1/2024,31,8309,12868,27547
90000000000031,Orange Knight,Gold Pawn,4/1/2024,30,4506,6660,15161
90000000000031,Orange Knight,Gold Pawn,5/1/2024,31,4685,5925,15998
90000000000031,Orange Knight,Gold Pawn,6/1/2024,30,5056,6789,17523
90000000000031,Orange Knight,Gold Pawn,7/1/2024,31,6796,9597,23903
90000000000031,Orange Knight,Gold Pawn,8/1/2024,31,6188,9799,22095
90000000000031,Orange Knight,Gold Pawn,9/1/2024,30,5580,8953,20218
90000000000031,Orange Knight,Gold Pawn,10/1/2024,31,5355,7960,19691
90000000000031,Orange Knight,Gold Pawn,11/1/2024,30,5081,7261,18963
90000000000031,Orange Knight,Gold Pawn,12/1/2024,31,5212,8429,19742
90000000000031,Orange Knight,Gold Pawn,1/1/2025,31,4488,6738,17256
90000000000031,Orange Knight,Gold Pawn,2/1/2025,28,3879,6306,15132
90000000000031,Orange Knight,Gold Pawn,3/1/2025,31,4042,7209,15991
90000000000031,Orange Knight,Gold Pawn,4/1/2025,30,4273,7807,17158
90000000000031,Orange Knight,Gold Pawn,5/1/2025,31,3399,7156,13851
90000000000031,Orange Knight,Gold Pawn,6/1/2025,30,3570,7499,14763
90000000000031,Orange Knight,Gold Pawn,7/1/2025,31,3930,7530,16497
90000000000031,Orange Knight,Gold Pawn,8/1/2025,31,3611,8132,15385
90000000000031,Orange Knight,Gold Pawn,9/1/2025,30,3699,7993,15996
90000000000031,Orange Knight,Gold Pawn,10/1/2025,31,3892,8251,17079
90000000000031,Orange Knight,Gold Pawn,11/1/2025,30,3715,8976,16547
90000000000031,Orange Knight,Gold Pawn,12/1/2025,31,3535,9400,15977
90000000000031,Orange Knight,Gold Pawn,1/1/2026,31,3140,8703,14406
90000000000031,Orange Knight,Gold Pawn,2/1/2026,28,3205,7922,14917
90000000000031,Orange Knight,Gold Pawn,3/1/2026,31,3209,8740,15153
90000000000053,Green Knight,Gold Pawn,3/1/2023,31,578,1125,1803
90000000000053,Green Knight,Gold Pawn,4/1/2023,30,27555,30168,86156
90000000000053,Green Knight,Gold Pawn,5/1/2023,31,21853,52690,72434
90000000000053,Green Knight,Gold Pawn,6/1/2023,30,16563,18744,56053
90000000000053,Green Knight,Gold Pawn,7/1/2023,31,2466,2978,8521
90000000000053,Green Knight,Gold Pawn,8/1/2023,31,14337,29582,50597
90000000000053,Green Knight,Gold Pawn,9/1/2023,30,16779,32505,60459
90000000000053,Green Knight,Gold Pawn,10/1/2023,31,14568,30530,53596
90000000000053,Green Knight,Gold Pawn,11/1/2023,30,12455,29268,46786
90000000000053,Green Knight,Gold Pawn,12/1/2023,31,13192,31719,50593
90000000000053,Green Knight,Gold Pawn,1/1/2024,31,11198,27993,43866
90000000000053,Green Knight,Gold Pawn,2/1/2024,29,9074,23750,36280
90000000000053,Green Knight,Gold Pawn,3/1/2024,31,10890,27462,44439
90000000000053,Green Knight,Gold Pawn,4/1/2024,30,5949,14327,24785
90000000000053,Green Knight,Gold Pawn,5/1/2024,31,6230,12848,26503
90000000000053,Green Knight,Gold Pawn,6/1/2024,30,6773,14838,29418
90000000000053,Green Knight,Gold Pawn,7/1/2024,31,9170,21142,40665
90000000000053,Green Knight,Gold Pawn,8/1/2024,31,8412,21760,38100
90000000000053,Green Knight,Gold Pawn,9/1/2024,30,7640,20041,35331
90000000000053,Green Knight,Gold Pawn,10/1/2024,31,7385,17958,34870
90000000000053,Green Knight,Gold Pawn,11/1/2024,30,7059,16513,34030
90000000000053,Green Knight,Gold Pawn,12/1/2024,31,7293,19321,35902
90000000000053,Green Knight,Gold Pawn,1/1/2025,31,6327,15570,31808
90000000000053,Green Knight,Gold Pawn,2/1/2025,28,5508,14685,28253
90000000000053,Green Knight,Gold Pawn,3/1/2025,31,5778,16916,30244
90000000000053,Green Knight,Gold Pawn,4/1/2025,30,6154,18464,32885
90000000000053,Green Knight,Gold Pawn,5/1/2025,31,4931,17059,26902
90000000000053,Green Knight,Gold Pawn,6/1/2025,30,5216,18018,29057
90000000000053,Green Knight,Gold Pawn,7/1/2025,31,5785,18238,32904
90000000000053,Green Knight,Gold Pawn,8/1/2025,31,5354,19854,31103
90000000000053,Green Knight,Gold Pawn,9/1/2025,30,5525,19672,32771
90000000000053,Green Knight,Gold Pawn,10/1/2025,31,5855,20468,35457
90000000000053,Green Knight,Gold Pawn,11/1/2025,30,5630,22442,34813
90000000000053,Green Knight,Gold Pawn,12/1/2025,31,5395,23691,34063
90000000000053,Green Knight,Gold Pawn,1/1/2026,31,4828,22109,31132
90000000000053,Green Knight,Gold Pawn,2/1/2026,28,4963,20281,32654
90000000000053,Green Knight,Gold Pawn,3/1/2026,31,5005,22548,33599
90000000000020,Indigo Rook,Gold Pawn,9/1/2022,30,9543,11262,24509
90000000000020,Indigo Rook,Gold Pawn,10/1/2022,31,25668,29733,65708
90000000000020,Indigo Rook,Gold Pawn,11/1/2022,30,21263,26464,54140
90000000000020,Indigo Rook,Gold Pawn,12/1/2022,31,15145,18179,38356
90000000000020,Indigo Rook,Gold Pawn,1/1/2023,31,7763,11620,19554
90000000000020,Indigo Rook,Gold Pawn,2/1/2023,28,12395,14531,31059
90000000000020,Indigo Rook,Gold Pawn,3/1/2023,31,17684,21435,44082
90000000000020,Indigo Rook,Gold Pawn,4/1/2023,30,14625,25710,36261
90000000000020,Indigo Rook,Gold Pawn,5/1/2023,31,12134,22686,29924
90000000000020,Indigo Rook,Gold Pawn,6/1/2023,30,10477,22767,25699
90000000000020,Indigo Rook,Gold Pawn,7/1/2023,31,9511,21737,23203
90000000000020,Indigo Rook,Gold Pawn,8/1/2023,31,6763,14500,16410
90000000000020,Indigo Rook,Gold Pawn,9/1/2023,30,7476,15661,18042
90000000000020,Indigo Rook,Gold Pawn,10/1/2023,31,6905,14919,16574
90000000000020,Indigo Rook,Gold Pawn,11/1/2023,30,6915,19432,16511
90000000000020,Indigo Rook,Gold Pawn,12/1/2023,31,6569,20344,15600
90000000000020,Indigo Rook,Gold Pawn,1/1/2024,31,4920,16797,11620
90000000000020,Indigo Rook,Gold Pawn,2/1/2024,29,5270,14547,12382
90000000000020,Indigo Rook,Gold Pawn,3/1/2024,31,6248,23669,14602
90000000000020,Indigo Rook,Gold Pawn,4/1/2024,30,5116,17779,11891
90000000000020,Indigo Rook,Gold Pawn,5/1/2024,31,4872,19391,11264
90000000000020,Indigo Rook,Gold Pawn,6/1/2024,30,4624,18550,10634
90000000000020,Indigo Rook,Gold Pawn,7/1/2024,31,4380,16623,10019
90000000000020,Indigo Rook,Gold Pawn,8/1/2024,31,4054,17596,9222
90000000000020,Indigo Rook,Gold Pawn,9/1/2024,30,2722,12277,6159
90000000000020,Indigo Rook,Gold Pawn,10/1/2024,31,4310,12884,9699
90000000000020,Indigo Rook,Gold Pawn,11/1/2024,30,3161,16262,7075
90000000000020,Indigo Rook,Gold Pawn,12/1/2024,31,1964,15679,4372
90000000000020,Indigo Rook,Gold Pawn,1/1/2025,31,213,186,472
90000000000020,Indigo Rook,Gold Pawn,2/1/2025,28,3611,6887,7954
90000000000020,Indigo Rook,Gold Pawn,3/1/2025,31,2932,4332,6426
90000000000020,Indigo Rook,Gold Pawn,4/1/2025,30,4122,2983,8984
90000000000020,Indigo Rook,Gold Pawn,5/1/2025,31,3525,3013,7643
90000000000020,Indigo Rook,Gold Pawn,6/1/2025,30,2159,2884,4655
90000000000020,Indigo Rook,Gold Pawn,7/1/2025,31,3195,5358,6854
90000000000020,Indigo Rook,Gold Pawn,8/1/2025,31,2213,4998,4720
90000000000020,Indigo Rook,Gold Pawn,9/1/2025,30,2100,3969,4455
90000000000020,Indigo Rook,Gold Pawn,10/1/2025,31,2259,3743,4768
90000000000020,Indigo Rook,Gold Pawn,11/1/2025,30,2327,5564,4884
90000000000020,Indigo Rook,Gold Pawn,12/1/2025,31,2243,6317,4682
90000000000020,Indigo Rook,Gold Pawn,1/1/2026,31,2289,8083,4752
90000000000020,Indigo Rook,Gold Pawn,2/1/2026,28,1795,5070,3708
90000000000020,Indigo Rook,Gold Pawn,3/1/2026,31,2240,9176,4603
90000000000030,Slate Bishop,Slate King,6/1/2024,30,8302,23481,75197
90000000000030,Slate Bishop,Slate King,7/1/2024,31,43477,136721,190607
90000000000030,Slate Bishop,Slate King,8/1/2024,31,38333,140293,190303
90000000000030,Slate Bishop,Slate King,9/1/2024,30,25714,90624,166303
90000000000030,Slate Bishop,Slate King,10/1/2024,31,21139,110460,137769
90000000000030,Slate Bishop,Slate King,11/1/2024,30,19255,98866,126459
90000000000030,Slate Bishop,Slate King,12/1/2024,31,17466,84742,115594
90000000000030,Slate Bishop,Slate King,1/1/2025,31,15731,73688,104927
90000000000030,Slate Bishop,Slate King,2/1/2025,28,12451,60600,83670
90000000000030,Slate Bishop,Slate King,3/1/2025,31,13246,68613,89675
90000000000030,Slate Bishop,Slate King,4/1/2025,30,12186,61093,83136
90000000000030,Slate Bishop,Slate King,5/1/2025,31,11329,60271,77885
90000000000030,Slate Bishop,Slate King,6/1/2025,30,10245,55468,70976
90000000000030,Slate Bishop,Slate King,7/1/2025,31,8668,55574,60514
90000000000030,Slate Bishop,Slate King,8/1/2025,31,6944,51000,48858
90000000000030,Slate Bishop,Slate King,9/1/2025,30,6985,48004,49526
90000000000030,Slate Bishop,Slate King,10/1/2025,31,8586,64155,61347
90000000000030,Slate Bishop,Slate King,11/1/2025,30,7394,48607,53238
90000000000030,Slate Bishop,Slate King,12/1/2025,31,7574,45361,54954
90000000000030,Slate Bishop,Slate King,1/1/2026,31,6929,39008,50669
90000000000030,Slate Bishop,Slate King,2/1/2026,28,7101,57154,52314
90000000000030,Slate Bishop,Slate King,3/1/2026,31,6803,40403,50492
90000000000065,Maroon King,Gold Pawn,4/1/2022,30,12601,11420,59295
90000000000065,Maroon King,Gold Pawn,5/1/2022,31,13103,10574,63293
90000000000065,Maroon King,Gold Pawn,6/1/2022,30,10612,6514,49791
90000000000065,Maroon King,Gold Pawn,7/1/2022,31,8675,5983,39537
90000000000065,Maroon King,Gold Pawn,8/1/2022,31,10697,6398,47333
90000000000065,Maroon King,Gold Pawn,9/1/2022,30,11276,7095,48465
90000000000065,Maroon King,Gold Pawn,10/1/2022,31,9726,8071,40605
90000000000065,Maroon King,Gold Pawn,11/1/2022,30,11074,7655,44908
90000000000065,Maroon King,Gold Pawn,12/1/2022,31,12935,6352,50952
90000000000065,Maroon King,Gold Pawn,1/1/2023,31,7952,5385,30411
90000000000065,Maroon King,Gold Pawn,2/1/2023,28,7259,4895,26991
90000000000065,Maroon King,Gold Pawn,3/1/2023,31,5477,3435,19800
90000000000065,Maroon King,Gold Pawn,4/1/2023,30,5758,4736,20220
90000000000065,Maroon King,Gold Pawn,5/1/2023,31,6882,4824,23474
90000000000065,Maroon King,Gold Pawn,6/1/2023,30,8167,6811,27059
90000000000065,Maroon King,Gold Pawn,7/1/2023,31,6963,8007,22409
90000000000065,Maroon King,Gold Pawn,8/1/2023,31,6664,7324,20822
90000000000065,Maroon King,Gold Pawn,9/1/2023,30,6273,10667,19039
90000000000065,Maroon King,Gold Pawn,10/1/2023,31,5628,6273,16592
90000000000065,Maroon King,Gold Pawn,11/1/2023,30,6143,8634,17591
90000000000065,Maroon King,Gold Pawn,12/1/2023,31,5320,6947,14798
90000000000065,Maroon King,Gold Pawn,1/1/2024,31,5490,6520,14826
90000000000065,Maroon King,Gold Pawn,2/1/2024,29,5686,6215,14922
90000000000065,Maroon King,Gold Pawn,3/1/2024,31,5445,7353,13887
90000000000065,Maroon King,Gold Pawn,4/1/2024,30,4317,4017,10695
90000000000065,Maroon King,Gold Pawn,5/1/2024,31,4697,6478,11303
90000000000065,Maroon King,Gold Pawn,6/1/2024,30,3753,4986,8772
90000000000065,Maroon King,Gold Pawn,7/1/2024,31,3937,6443,8939
90000000000065,Maroon King,Gold Pawn,8/1/2024,31,3498,6600,7711
90000000000065,Maroon King,Gold Pawn,9/1/2024,30,3008,6956,6440
90000000000065,Maroon King,Gold Pawn,10/1/2024,31,2447,3082,5089
90000000000065,Maroon King,Gold Pawn,11/1/2024,30,2733,2104,5521
90000000000065,Maroon King,Gold Pawn,12/1/2024,31,2725,3439,5347
90000000000065,Maroon King,Gold Pawn,1/1/2025,31,2733,3067,5207
90000000000065,Maroon King,Gold Pawn,2/1/2025,28,2643,3053,4896
90000000000065,Maroon King,Gold Pawn,3/1/2025,31,2860,1549,5151
90000000000065,Maroon King,Gold Pawn,4/1/2025,30,4245,270,7426
90000000000065,Maroon King,Gold Pawn,5/1/2025,31,4260,15615,7239
90000000000065,Maroon King,Gold Pawn,6/1/2025,30,4229,12703,6980
90000000000065,Maroon King,Gold Pawn,7/1/2025,31,3759,8553,6027
90000000000065,Maroon King,Gold Pawn,8/1/2025,31,3941,5023,6134
90000000000065,Maroon King,Gold Pawn,9/1/2025,30,3700,7122,5594
90000000000065,Maroon King,Gold Pawn,10/1/2025,31,3706,6252,5443
90000000000065,Maroon King,Gold Pawn,11/1/2025,30,3737,10058,5331
90000000000065,Maroon King,Gold Pawn,12/1/2025,31,3574,10868,4952
90000000000065,Maroon King,Gold Pawn,1/1/2026,31,3426,7169,4609
90000000000065,Maroon King,Gold Pawn,2/1/2026,28,2985,7939,3904
90000000000065,Maroon King,Gold Pawn,3/1/2026,31,3460,7857,4400
90000000000074,Scarlet Bishop,Slate King,1/1/2020,31,12294,38646,94264
90000000000074,Scarlet Bishop,Slate King,2/1/2020,29,36365,122694,109597
90000000000074,Scarlet Bishop,Slate King,3/1/2020,31,23253,85237,65574
90000000000074,Scarlet Bishop,Slate King,4/1/2020,30,22811,80473,64985
90000000000074,Scarlet Bishop,Slate King,5/1/2020,31,9886,44489,28452
90000000000074,Scarlet Bishop,Slate King,6/1/2020,30,12010,55799,34919
90000000000074,Scarlet Bishop,Slate King,7/1/2020,31,11609,55622,34097
90000000000074,Scarlet Bishop,Slate King,8/1/2020,31,11909,64378,35342
90000000000074,Scarlet Bishop,Slate King,9/1/2020,30,10178,57189,30514
90000000000074,Scarlet Bishop,Slate King,10/1/2020,31,10034,56176,30388
90000000000074,Scarlet Bishop,Slate King,11/1/2020,30,9397,55051,28749
90000000000074,Scarlet Bishop,Slate King,12/1/2020,31,8852,52538,27360
90000000000074,Scarlet Bishop,Slate King,1/1/2021,31,9309,56547,29071
90000000000074,Scarlet Bishop,Slate King,2/1/2021,28,6093,39196,19217
90000000000074,Scarlet Bishop,Slate King,3/1/2021,31,8137,50818,25915
90000000000074,Scarlet Bishop,Slate King,4/1/2021,30,7734,50243,24883
90000000000074,Scarlet Bishop,Slate King,5/1/2021,31,7461,49169,24251
90000000000074,Scarlet Bishop,Slate King,6/1/2021,30,6574,43782,21587
90000000000074,Scarlet Bishop,Slate King,7/1/2021,31,7006,46659,23240
90000000000074,Scarlet Bishop,Slate King,8/1/2021,31,5775,39954,19356
90000000000074,Scarlet Bishop,Slate King,9/1/2021,30,4492,31454,15208
90000000000074,Scarlet Bishop,Slate King,10/1/2021,31,5279,26229,18057
90000000000074,Scarlet Bishop,Slate King,11/1/2021,30,4061,0,14034
90000000000074,Scarlet Bishop,Slate King,12/1/2021,31,4500,27114,15707
90000000000074,Scarlet Bishop,Slate King,1/1/2022,31,4479,21834,15797
90000000000074,Scarlet Bishop,Slate King,2/1/2022,28,4000,23534,14249
90000000000074,Scarlet Bishop,Slate King,3/1/2022,31,4877,30022,17541
90000000000074,Scarlet Bishop,Slate King,4/1/2022,30,4658,30855,16924
90000000000074,Scarlet Bishop,Slate King,5/1/2022,31,4665,31990,17126
90000000000074,Scarlet Bishop,Slate King,6/1/2022,30,4226,27486,15670
90000000000074,Scarlet Bishop,Slate King,7/1/2022,31,4570,30664,17119
90000000000074,Scarlet Bishop,Slate King,8/1/2022,31,4419,30166,16726
90000000000074,Scarlet Bishop,Slate King,9/1/2022,30,4228,29305,16165
90000000000074,Scarlet Bishop,Slate King,10/1/2022,31,4814,29712,18596
90000000000074,Scarlet Bishop,Slate King,11/1/2022,30,4244,25140,16561
90000000000074,Scarlet Bishop,Slate King,12/1/2022,31,3715,25653,14647
90000000000074,Scarlet Bishop,Slate King,1/1/2023,31,3718,26742,14811
90000000000074,Scarlet Bishop,Slate King,2/1/2023,28,3145,23410,12653
90000000000074,Scarlet Bishop,Slate King,3/1/2023,31,3364,28300,13666
90000000000074,Scarlet Bishop,Slate King,4/1/2023,30,3277,27791,13448
90000000000074,Scarlet Bishop,Slate King,5/1/2023,31,3117,25583,12922
90000000000074,Scarlet Bishop,Slate King,6/1/2023,30,2941,23383,12318
90000000000074,Scarlet Bishop,Slate King,7/1/2023,31,3077,24881,13018
90000000000074,Scarlet Bishop,Slate King,8/1/2023,31,2826,23823,12082
90000000000074,Scarlet Bishop,Slate King,9/1/2023,30,2672,20909,11541
90000000000074,Scarlet Bishop,Slate King,10/1/2023,31,3041,21651,13265
90000000000074,Scarlet Bishop,Slate King,11/1/2023,30,2996,21216,13203
90000000000074,Scarlet Bishop,Slate King,12/1/2023,31,2637,18712,11743
90000000000074,Scarlet Bishop,Slate King,1/1/2024,31,2624,21355,11804
90000000000074,Scarlet Bishop,Slate King,2/1/2024,29,2684,22661,12194
90000000000074,Scarlet Bishop,Slate King,3/1/2024,31,3027,25636,13891
90000000000074,Scarlet Bishop,Slate King,4/1/2024,30,2865,25231,13282
90000000000074,Scarlet Bishop,Slate King,5/1/2024,31,2462,21719,11531
90000000000074,Scarlet Bishop,Slate King,6/1/2024,30,2607,23431,12337
90000000000074,Scarlet Bishop,Slate King,7/1/2024,31,2584,23318,12353
90000000000074,Scarlet Bishop,Slate King,8/1/2024,31,2234,20731,10790
90000000000074,Scarlet Bishop,Slate King,9/1/2024,30,2200,22086,10733
90000000000074,Scarlet Bishop,Slate King,10/1/2024,31,2402,23693,11840
90000000000074,Scarlet Bishop,Slate King,11/1/2024,30,2089,22969,10401
90000000000074,Scarlet Bishop,Slate King,12/1/2024,31,2142,22902,10772
90000000000074,Scarlet Bishop,Slate King,1/1/2025,31,2042,22787,10379
90000000000074,Scarlet Bishop,Slate King,2/1/2025,28,1395,15579,7162
90000000000074,Scarlet Bishop,Slate King,3/1/2025,31,2229,21080,11552
90000000000074,Scarlet Bishop,Slate King,4/1/2025,30,2211,21199,11576
90000000000074,Scarlet Bishop,Slate King,5/1/2025,31,2163,20212,11442
90000000000074,Scarlet Bishop,Slate King,6/1/2025,30,1998,19169,10674
90000000000074,Scarlet Bishop,Slate King,7/1/2025,31,2180,19219,11768
90000000000074,Scarlet Bishop,Slate King,8/1/2025,31,1864,18242,10169
90000000000074,Scarlet Bishop,Slate King,9/1/2025,30,2380,22105,13112
90000000000074,Scarlet Bishop,Slate King,10/1/2025,31,2125,18236,11826
90000000000074,Scarlet Bishop,Slate King,11/1/2025,30,1998,20695,11236
90000000000074,Scarlet Bishop,Slate King,12/1/2025,31,2333,20497,13255
90000000000074,Scarlet Bishop,Slate King,1/1/2026,31,2203,20966,12647
90000000000074,Scarlet Bishop,Slate King,2/1/2026,28,2202,20688,12763
90000000000074,Scarlet Bishop,Slate King,3/1/2026,31,2474,22530,14482
90000000000011,Orange Queen,Gold Pawn,3/1/2023,31,1428,1252,3348
90000000000011,Orange Queen,Gold Pawn,4/1/2023,30,21950,28371,53552
90000000000011,Orange Queen,Gold Pawn,5/1/2023,31,17563,25053,43865
90000000000011,Orange Queen,Gold Pawn,6/1/2023,30,12051,16247,30745
90000000000011,Orange Queen,Gold Pawn,7/1/2023,31,20178,25537,52585
90000000000011,Orange Queen,Gold Pawn,8/1/2023,31,14044,17654,37398
90000000000011,Orange Queen,Gold Pawn,9/1/2023,30,16340,19072,44447
90000000000011,Orange Queen,Gold Pawn,10/1/2023,31,14104,17935,39190
90000000000011,Orange Queen,Gold Pawn,11/1/2023,30,11988,17215,34026
90000000000011,Orange Queen,Gold Pawn,12/1/2023,31,12623,18680,36597
90000000000011,Orange Queen,Gold Pawn,1/1/2024,31,10652,16506,31558
90000000000011,Orange Queen,Gold Pawn,2/1/2024,29,8582,14021,25962
90000000000011,Orange Queen,Gold Pawn,3/1/2024,31,10240,16232,31633
90000000000011,Orange Queen,Gold Pawn,4/1/2024,30,5561,8478,17548
90000000000011,Orange Queen,Gold Pawn,5/1/2024,31,5790,7613,18663
90000000000011,Orange Queen,Gold Pawn,6/1/2024,30,6258,8803,20605
90000000000011,Orange Queen,Gold Pawn,7/1/2024,31,8424,12557,28329
90000000000011,Orange Queen,Gold Pawn,8/1/2024,31,7681,12941,26397
90000000000011,Orange Queen,Gold Pawn,9/1/2024,30,6936,11933,24346
90000000000011,Orange Queen,Gold Pawn,10/1/2024,31,6665,10706,23900
90000000000011,Orange Queen,Gold Pawn,11/1/2024,30,6334,9857,23199
90000000000011,Orange Queen,Gold Pawn,12/1/2024,31,6506,11546,24343
90000000000011,Orange Queen,Gold Pawn,1/1/2025,31,5610,9317,21449
90000000000011,Orange Queen,Gold Pawn,2/1/2025,28,4857,8797,18953
90000000000011,Orange Queen,Gold Pawn,3/1/2025,31,5067,10146,20183
90000000000011,Orange Queen,Gold Pawn,4/1/2025,30,5364,11088,21828
90000000000011,Orange Queen,Gold Pawn,5/1/2025,31,4273,10257,17760
90000000000011,Orange Queen,Gold Pawn,6/1/2025,30,4494,10847,19080
90000000000011,Orange Queen,Gold Pawn,7/1/2025,31,4955,10992,21490
90000000000011,Orange Queen,Gold Pawn,8/1/2025,31,4559,11982,20203
90000000000011,Orange Queen,Gold Pawn,9/1/2025,30,4677,11886,21172
90000000000011,Orange Queen,Gold Pawn,10/1/2025,31,4927,12382,22784
90000000000011,Orange Queen,Gold Pawn,11/1/2025,30,4710,13593,22250
90000000000011,Orange Queen,Gold Pawn,12/1/2025,31,4488,14367,21654
90000000000011,Orange Queen,Gold Pawn,1/1/2026,31,3992,13425,19682
90000000000011,Orange Queen,Gold Pawn,2/1/2026,28,4081,12330,20537
90000000000011,Orange Queen,Gold Pawn,3/1/2026,31,4092,13724,21022
90000000000052,Azure Bishop,Slate King,2/1/2026,28,10653,99781,0
90000000000052,Azure Bishop,Slate King,3/1/2026,31,22049,221216,0
90000000000075,Purple Knight,Slate King,2/1/2026,28,18212,96729,0
90000000000075,Purple Knight,Slate King,3/1/2026,31,15505,144944,0
90000000000010,Black Queen,Slate King,3/1/2021,31,9609,23948,22637
90000000000010,Black Queen,Slate King,4/1/2021,30,20185,60398,47586
90000000000010,Black Queen,Slate King,5/1/2021,31,11510,33781,27168
90000000000010,Black Queen,Slate King,6/1/2021,30,8874,22995,20971
90000000000010,Black Queen,Slate King,7/1/2021,31,8284,20956,19602
90000000000010,Black Queen,Slate King,8/1/2021,31,7724,17793,18299
90000000000010,Black Queen,Slate King,9/1/2021,30,6284,17848,14906
90000000000010,Black Queen,Slate King,10/1/2021,31,6201,16873,14728
90000000000010,Black Queen,Slate King,11/1/2021,30,5824,0,13848
90000000000010,Black Queen,Slate King,12/1/2021,31,5207,14108,12396
90000000000010,Black Queen,Slate King,1/1/2022,31,5044,10146,12022
90000000000010,Black Queen,Slate King,2/1/2022,28,4487,11086,10708
90000000000010,Black Queen,Slate King,3/1/2022,31,4561,12637,10898
90000000000010,Black Queen,Slate King,4/1/2022,30,3856,11685,9224
90000000000010,Black Queen,Slate King,5/1/2022,31,3960,11874,9485
90000000000010,Black Queen,Slate King,6/1/2022,30,3516,10729,8431
90000000000010,Black Queen,Slate King,7/1/2022,31,3673,12042,8819
90000000000010,Black Queen,Slate King,8/1/2022,31,3401,12116,8175
90000000000010,Black Queen,Slate King,9/1/2022,30,3637,11735,8755
90000000000010,Black Queen,Slate King,10/1/2022,31,5667,11513,13656
90000000000010,Black Queen,Slate King,11/1/2022,30,5488,9995,13241
90000000000010,Black Queen,Slate King,12/1/2022,31,4452,10526,10756
90000000000010,Black Queen,Slate King,1/1/2023,31,3380,11975,8175
90000000000010,Black Queen,Slate King,2/1/2023,28,3349,10272,8111
90000000000010,Black Queen,Slate King,3/1/2023,31,3697,9315,8963
90000000000010,Black Queen,Slate King,4/1/2023,30,3612,10562,8767
90000000000010,Black Queen,Slate King,5/1/2023,31,3922,12501,9532
90000000000010,Black Queen,Slate King,6/1/2023,30,3232,11089,7864
90000000000010,Black Queen,Slate King,7/1/2023,31,3291,11896,8017
90000000000010,Black Queen,Slate King,8/1/2023,31,3229,11568,7876
90000000000010,Black Queen,Slate King,9/1/2023,30,3016,11350,7365
90000000000010,Black Queen,Slate King,10/1/2023,31,3364,11077,8227
90000000000010,Black Queen,Slate King,11/1/2023,30,3494,10677,8555
90000000000010,Black Queen,Slate King,12/1/2023,31,3925,10591,9623
90000000000010,Black Queen,Slate King,1/1/2024,31,3517,10710,8632
90000000000010,Black Queen,Slate King,2/1/2024,29,3235,10092,7951
90000000000010,Black Queen,Slate King,3/1/2024,31,3553,10591,8741
90000000000010,Black Queen,Slate King,4/1/2024,30,3337,9117,8221
90000000000010,Black Queen,Slate King,5/1/2024,31,3277,9169,8083
90000000000010,Black Queen,Slate King,6/1/2024,30,3042,8828,7513
90000000000010,Black Queen,Slate King,7/1/2024,31,3124,10111,7724
90000000000010,Black Queen,Slate King,8/1/2024,31,3149,10566,7795
90000000000010,Black Queen,Slate King,9/1/2024,30,2914,9676,7223
90000000000010,Black Queen,Slate King,10/1/2024,31,3015,9867,7481
90000000000010,Black Queen,Slate King,11/1/2024,30,2895,6830,7193
90000000000010,Black Queen,Slate King,12/1/2024,31,2807,9903,6982
90000000000010,Black Queen,Slate King,1/1/2025,31,3086,9286,7686
90000000000010,Black Queen,Slate King,2/1/2025,28,2715,8677,6771
90000000000010,Black Queen,Slate King,3/1/2025,31,3137,10345,7831
90000000000010,Black Queen,Slate King,4/1/2025,30,2960,9922,7399
90000000000010,Black Queen,Slate King,5/1/2025,31,3044,10237,7619
90000000000010,Black Queen,Slate King,6/1/2025,30,2842,9621,7122
90000000000010,Black Queen,Slate King,7/1/2025,31,2953,10053,7409
90000000000010,Black Queen,Slate King,8/1/2025,31,2838,9590,7128
90000000000010,Black Queen,Slate King,9/1/2025,30,2735,9718,6879
90000000000010,Black Queen,Slate King,10/1/2025,31,1906,5095,4800
90000000000010,Black Queen,Slate King,11/1/2025,30,2298,8249,5793
90000000000010,Black Queen,Slate King,12/1/2025,31,3210,7916,8103
90000000000010,Black Queen,Slate King,1/1/2026,31,2895,8057,7317
90000000000010,Black Queen,Slate King,2/1/2026,28,2201,6465,5568
90000000000010,Black Queen,Slate King,3/1/2026,31,1830,5980,4635
90000000000028,Green Bishop,Crimson Knight,12/1/2025,31,408,16358,0
90000000000028,Green Bishop,Crimson Knight,1/1/2026,31,42233,7676,0
90000000000028,Green Bishop,Crimson Knight,2/1/2026,28,16883,1593,0
90000000000028,Green Bishop,Crimson Knight,3/1/2026,31,16035,8552,0
90000000000083,Green Queen,Gold Pawn,4/1/2022,30,14440,15512,41121
90000000000083,Green Queen,Gold Pawn,5/1/2022,31,34000,38667,122974
90000000000083,Green Queen,Gold Pawn,6/1/2022,30,27512,32548,82115
90000000000083,Green Queen,Gold Pawn,7/1/2022,31,19816,18203,57918
90000000000083,Green Queen,Gold Pawn,8/1/2022,31,22792,23661,65211
90000000000083,Green Queen,Gold Pawn,9/1/2022,30,19599,20517,54911
90000000000083,Green Queen,Gold Pawn,10/1/2022,31,18135,21331,49756
90000000000083,Green Queen,Gold Pawn,11/1/2022,30,14210,18882,38177
90000000000083,Green Queen,Gold Pawn,12/1/2022,31,17191,23980,45228
90000000000083,Green Queen,Gold Pawn,1/1/2023,31,16053,24084,41343
90000000000083,Green Queen,Gold Pawn,2/1/2023,28,13257,20788,33456
90000000000083,Green Queen,Gold Pawn,3/1/2023,31,13760,22210,34028
90000000000083,Green Queen,Gold Pawn,4/1/2023,30,12027,22108,29126
90000000000083,Green Queen,Gold Pawn,5/1/2023,31,12400,25047,29406
90000000000083,Green Queen,Gold Pawn,6/1/2023,30,11601,24559,26939
90000000000083,Green Queen,Gold Pawn,7/1/2023,31,10168,19347,23121
90000000000083,Green Queen,Gold Pawn,8/1/2023,31,9401,18952,20926
90000000000083,Green Queen,Gold Pawn,9/1/2023,30,8922,15554,19449
90000000000083,Green Queen,Gold Pawn,10/1/2023,31,7994,14526,17065
90000000000083,Green Queen,Gold Pawn,11/1/2023,30,8003,12870,16729
90000000000083,Green Queen,Gold Pawn,12/1/2023,31,7530,10669,15412
90000000000083,Green Queen,Gold Pawn,1/1/2024,31,7562,11620,15151
90000000000083,Green Queen,Gold Pawn,2/1/2024,29,6726,10788,13202
90000000000083,Green Queen,Gold Pawn,3/1/2024,31,6413,11735,12331
90000000000083,Green Queen,Gold Pawn,4/1/2024,30,6571,11861,12371
90000000000083,Green Queen,Gold Pawn,5/1/2024,31,6812,0,12559
90000000000083,Green Queen,Gold Pawn,6/1/2024,30,6150,10210,11104
90000000000083,Green Queen,Gold Pawn,7/1/2024,31,5361,8182,9479
90000000000083,Green Queen,Gold Pawn,8/1/2024,31,7328,9038,12683
90000000000083,Green Queen,Gold Pawn,9/1/2024,30,6147,9240,10418
90000000000083,Green Queen,Gold Pawn,10/1/2024,31,6864,11731,11391
90000000000083,Green Queen,Gold Pawn,11/1/2024,30,5870,10340,9539
90000000000083,Green Queen,Gold Pawn,12/1/2024,31,5854,9818,9316
90000000000083,Green Queen,Gold Pawn,1/1/2025,31,4737,8717,7380
90000000000083,Green Queen,Gold Pawn,2/1/2025,28,2278,3559,3477
90000000000083,Green Queen,Gold Pawn,3/1/2025,31,4156,32,6217
90000000000083,Green Queen,Gold Pawn,4/1/2025,30,4507,9,6602
90000000000083,Green Queen,Gold Pawn,5/1/2025,31,5036,9892,7223
90000000000083,Green Queen,Gold Pawn,6/1/2025,30,4657,10294,6541
90000000000083,Green Queen,Gold Pawn,7/1/2025,31,4576,9803,6295
90000000000083,Green Queen,Gold Pawn,8/1/2025,31,4542,9759,6116
90000000000083,Green Queen,Gold Pawn,9/1/2025,30,4300,9595,5670
90000000000083,Green Queen,Gold Pawn,10/1/2025,31,4378,7772,5653
90000000000083,Green Queen,Gold Pawn,11/1/2025,30,3957,8405,5003
90000000000083,Green Queen,Gold Pawn,12/1/2025,31,3541,7450,4384
90000000000083,Green Queen,Gold Pawn,1/1/2026,31,3825,5638,4636
90000000000083,Green Queen,Gold Pawn,2/1/2026,28,4243,7275,5040
90000000000083,Green Queen,Gold Pawn,3/1/2026,31,5558,8969,6469
90000000000055,Bronze Queen,Slate King,6/1/2024,30,8732,26202,88322
90000000000055,Bronze Queen,Slate King,7/1/2024,31,48891,168191,190800
90000000000055,Bronze Queen,Slate King,8/1/2024,31,49629,185357,190807
90000000000055,Bronze Queen,Slate King,9/1/2024,30,23925,89538,168587
90000000000055,Bronze Queen,Slate King,10/1/2024,31,28130,117381,187236
90000000000055,Bronze Queen,Slate King,11/1/2024,30,22091,89446,156293
90000000000055,Bronze Queen,Slate King,12/1/2024,31,20171,89158,142997
90000000000055,Bronze Queen,Slate King,1/1/2025,31,18352,83006,130369
90000000000055,Bronze Queen,Slate King,2/1/2025,28,14998,78479,106751
90000000000055,Bronze Queen,Slate King,3/1/2025,31,16333,77581,116480
90000000000055,Bronze Queen,Slate King,4/1/2025,30,14984,70669,107075
90000000000055,Bronze Queen,Slate King,5/1/2025,31,13193,68776,94467
90000000000055,Bronze Queen,Slate King,6/1/2025,30,11495,62880,82475
90000000000055,Bronze Queen,Slate King,7/1/2025,31,10838,62938,77918
90000000000055,Bronze Queen,Slate King,8/1/2025,31,8630,56028,62171
90000000000055,Bronze Queen,Slate King,9/1/2025,30,8561,55248,61799
90000000000055,Bronze Queen,Slate King,10/1/2025,31,11011,52574,79645
90000000000055,Bronze Queen,Slate King,11/1/2025,30,10596,59023,76798
90000000000055,Bronze Queen,Slate King,12/1/2025,31,11178,56963,81180
90000000000055,Bronze Queen,Slate King,1/1/2026,31,8760,49297,63750
90000000000055,Bronze Queen,Slate King,2/1/2026,28,9038,53756,65902
90000000000055,Bronze Queen,Slate King,3/1/2026,31,8994,53449,65709
90000000000008,White Knight,Slate King,2/1/2026,28,19366,103547,99067
90000000000008,White Knight,Slate King,3/1/2026,31,18131,114565,92409
90000000000017,Yellow Knight,Slate King,1/1/2020,31,11974,34724,85067
90000000000017,Yellow Knight,Slate King,2/1/2020,29,44248,130854,129427
90000000000017,Yellow Knight,Slate King,3/1/2020,31,28718,94004,84406
90000000000017,Yellow Knight,Slate King,4/1/2020,30,23105,78379,68241
90000000000017,Yellow Knight,Slate King,5/1/2020,31,12511,38426,37133
90000000000017,Yellow Knight,Slate King,6/1/2020,30,17116,57586,51050
90000000000017,Yellow Knight,Slate King,7/1/2020,31,12695,43999,38050
90000000000017,Yellow Knight,Slate King,8/1/2020,31,14377,59955,43303
90000000000017,Yellow Knight,Slate King,9/1/2020,30,12478,50270,37769
90000000000017,Yellow Knight,Slate King,10/1/2020,31,12499,49520,38016
90000000000017,Yellow Knight,Slate King,11/1/2020,30,11285,46237,34493
90000000000017,Yellow Knight,Slate King,12/1/2020,31,10750,42954,33019
90000000000017,Yellow Knight,Slate King,1/1/2021,31,10462,43778,32292
90000000000017,Yellow Knight,Slate King,2/1/2021,28,7371,30990,22859
90000000000017,Yellow Knight,Slate King,3/1/2021,31,10288,42924,32057
90000000000017,Yellow Knight,Slate King,4/1/2021,30,9385,40285,29388
90000000000017,Yellow Knight,Slate King,5/1/2021,31,9197,38997,28941
90000000000017,Yellow Knight,Slate King,6/1/2021,30,6784,30564,21450
90000000000017,Yellow Knight,Slate King,7/1/2021,31,7532,34867,23933
90000000000017,Yellow Knight,Slate King,8/1/2021,31,7065,30207,22560
90000000000017,Yellow Knight,Slate King,9/1/2021,30,6425,30386,20617
90000000000017,Yellow Knight,Slate King,10/1/2021,31,6860,23557,22121
90000000000017,Yellow Knight,Slate King,11/1/2021,30,5343,0,17313
90000000000017,Yellow Knight,Slate King,12/1/2021,31,5784,27073,18836
90000000000017,Yellow Knight,Slate King,1/1/2022,31,5518,20198,18058
90000000000017,Yellow Knight,Slate King,2/1/2022,28,4957,19242,16299
90000000000017,Yellow Knight,Slate King,3/1/2022,31,5696,23650,18818
90000000000017,Yellow Knight,Slate King,4/1/2022,30,5207,22764,17285
90000000000017,Yellow Knight,Slate King,5/1/2022,31,5258,23162,17542
90000000000017,Yellow Knight,Slate King,6/1/2022,30,4740,20029,15891
90000000000017,Yellow Knight,Slate King,7/1/2022,31,4907,21621,16530
90000000000017,Yellow Knight,Slate King,8/1/2022,31,4960,22264,16794
90000000000017,Yellow Knight,Slate King,9/1/2022,30,4670,21680,15886
90000000000017,Yellow Knight,Slate King,10/1/2022,31,5077,21325,17358
90000000000017,Yellow Knight,Slate King,11/1/2022,30,4389,18197,15078
90000000000017,Yellow Knight,Slate King,12/1/2022,31,3823,18458,13198
90000000000017,Yellow Knight,Slate King,1/1/2023,31,4040,20544,14016
90000000000017,Yellow Knight,Slate King,2/1/2023,28,3389,18258,11815
90000000000017,Yellow Knight,Slate King,3/1/2023,31,4331,23933,15170
90000000000017,Yellow Knight,Slate King,4/1/2023,30,3758,22801,13226
90000000000017,Yellow Knight,Slate King,5/1/2023,31,3397,20726,12014
90000000000017,Yellow Knight,Slate King,6/1/2023,30,3080,17614,10947
90000000000017,Yellow Knight,Slate King,7/1/2023,31,3237,18160,11559
90000000000017,Yellow Knight,Slate King,8/1/2023,31,3043,16702,10921
90000000000017,Yellow Knight,Slate King,9/1/2023,30,2975,15784,10732
90000000000017,Yellow Knight,Slate King,10/1/2023,31,2781,16644,10079
90000000000017,Yellow Knight,Slate King,11/1/2023,30,2789,17623,10158
90000000000017,Yellow Knight,Slate King,12/1/2023,31,2726,16488,9978
90000000000017,Yellow Knight,Slate King,1/1/2024,31,2887,15679,10620
90000000000017,Yellow Knight,Slate King,2/1/2024,29,2765,16421,10221
90000000000017,Yellow Knight,Slate King,3/1/2024,31,2769,17538,10284
90000000000017,Yellow Knight,Slate King,4/1/2024,30,2692,17076,10046
90000000000017,Yellow Knight,Slate King,5/1/2024,31,2652,16090,9947
90000000000017,Yellow Knight,Slate King,6/1/2024,30,2640,16401,9950
90000000000017,Yellow Knight,Slate King,7/1/2024,31,2468,15606,9346
90000000000017,Yellow Knight,Slate King,8/1/2024,31,2245,15024,8545
90000000000017,Yellow Knight,Slate King,9/1/2024,30,2532,15208,9684
90000000000017,Yellow Knight,Slate King,10/1/2024,31,2605,16609,10013
90000000000017,Yellow Knight,Slate King,11/1/2024,30,2484,16337,9594
90000000000017,Yellow Knight,Slate King,12/1/2024,31,2538,15938,9851
90000000000017,Yellow Knight,Slate King,1/1/2025,31,2625,16068,10237
90000000000017,Yellow Knight,Slate King,2/1/2025,28,2114,13594,8284
90000000000017,Yellow Knight,Slate King,3/1/2025,31,2329,15208,9170
90000000000017,Yellow Knight,Slate King,4/1/2025,30,2249,15839,8899
90000000000017,Yellow Knight,Slate King,5/1/2025,31,2265,16217,9005
90000000000017,Yellow Knight,Slate King,6/1/2025,30,2003,14090,8001
90000000000017,Yellow Knight,Slate King,7/1/2025,31,2300,15175,9235
90000000000017,Yellow Knight,Slate King,8/1/2025,31,2256,16516,9104
90000000000017,Yellow Knight,Slate King,9/1/2025,30,2038,16541,8264
90000000000017,Yellow Knight,Slate King,10/1/2025,31,2066,13932,8417
90000000000017,Yellow Knight,Slate King,11/1/2025,30,1903,15354,7793
90000000000017,Yellow Knight,Slate King,12/1/2025,31,1987,13905,8177
90000000000017,Yellow Knight,Slate King,1/1/2026,31,1825,15731,7547
90000000000017,Yellow Knight,Slate King,2/1/2026,28,1774,14837,7369
90000000000017,Yellow Knight,Slate King,3/1/2026,31,2211,16653,9231
90000000000007,Scarlet Queen,Slate King,6/1/2024,30,7409,22659,77554
90000000000007,Scarlet Queen,Slate King,7/1/2024,31,38085,122894,190610
90000000000007,Scarlet Queen,Slate King,8/1/2024,31,37859,146344,190610
90000000000007,Scarlet Queen,Slate King,9/1/2024,30,21387,91416,157528
90000000000007,Scarlet Queen,Slate King,10/1/2024,31,23096,98672,171071
90000000000007,Scarlet Queen,Slate King,11/1/2024,30,18876,85714,140600
90000000000007,Scarlet Queen,Slate King,12/1/2024,31,18295,87269,137038
90000000000007,Scarlet Queen,Slate King,1/1/2025,31,16668,77352,125564
90000000000007,Scarlet Queen,Slate King,2/1/2025,28,13408,64519,101555
90000000000007,Scarlet Queen,Slate King,3/1/2025,31,10874,83696,82809
90000000000007,Scarlet Queen,Slate King,4/1/2025,30,10842,74901,83030
90000000000007,Scarlet Queen,Slate King,5/1/2025,31,12414,69338,95603
90000000000007,Scarlet Queen,Slate King,6/1/2025,30,11295,63813,87474
90000000000007,Scarlet Queen,Slate King,7/1/2025,31,9766,66368,76058
90000000000007,Scarlet Queen,Slate King,8/1/2025,31,7783,60828,60960
90000000000007,Scarlet Queen,Slate King,9/1/2025,30,7660,60855,60334
90000000000007,Scarlet Queen,Slate King,10/1/2025,31,8449,59172,66923
90000000000007,Scarlet Queen,Slate King,11/1/2025,30,7806,52431,62177
90000000000007,Scarlet Queen,Slate King,12/1/2025,31,7769,59493,62230
90000000000007,Scarlet Queen,Slate King,1/1/2026,31,7030,62916,56632
90000000000007,Scarlet Queen,Slate King,2/1/2026,28,5554,29187,44985
90000000000007,Scarlet Queen,Slate King,3/1/2026,31,6320,54147,51468
90000000000033,Amber Bishop,Gold Pawn,4/1/2022,30,14357,15127,43014
90000000000033,Amber Bishop,Gold Pawn,5/1/2022,31,33660,41311,117297
90000000000033,Amber Bishop,Gold Pawn,6/1/2022,30,28614,33928,90955
90000000000033,Amber Bishop,Gold Pawn,7/1/2022,31,20256,24822,64141
90000000000033,Amber Bishop,Gold Pawn,8/1/2022,31,27786,31859,87647
90000000000033,Amber Bishop,Gold Pawn,9/1/2022,30,23791,27284,74759
90000000000033,Amber Bishop,Gold Pawn,10/1/2022,31,21921,28015,68619
90000000000033,Amber Bishop,Gold Pawn,11/1/2022,30,17103,24492,53333
90000000000033,Amber Bishop,Gold Pawn,12/1/2022,31,20603,30720,64002
90000000000033,Amber Bishop,Gold Pawn,1/1/2023,31,19155,30464,59276
90000000000033,Amber Bishop,Gold Pawn,2/1/2023,28,15754,25980,48569
90000000000033,Amber Bishop,Gold Pawn,3/1/2023,31,16284,27426,50019
90000000000033,Amber Bishop,Gold Pawn,4/1/2023,30,14172,26961,43367
90000000000033,Amber Bishop,Gold Pawn,5/1/2023,31,14550,30168,44352
90000000000033,Amber Bishop,Gold Pawn,6/1/2023,30,13553,29213,41158
90000000000033,Amber Bishop,Gold Pawn,7/1/2023,31,11828,22729,35782
90000000000033,Amber Bishop,Gold Pawn,8/1/2023,31,10888,21984,32811
90000000000033,Amber Bishop,Gold Pawn,9/1/2023,30,10290,17820,30891
90000000000033,Amber Bishop,Gold Pawn,10/1/2023,31,9181,16436,27455
90000000000033,Amber Bishop,Gold Pawn,11/1/2023,30,9152,14382,27265
90000000000033,Amber Bishop,Gold Pawn,12/1/2023,31,8573,11774,25444
90000000000033,Amber Bishop,Gold Pawn,1/1/2024,31,8572,12663,25342
90000000000033,Amber Bishop,Gold Pawn,2/1/2024,29,7593,11613,22363
90000000000033,Amber Bishop,Gold Pawn,3/1/2024,31,7210,12478,21154
90000000000033,Amber Bishop,Gold Pawn,4/1/2024,30,7355,12456,21499
90000000000033,Amber Bishop,Gold Pawn,5/1/2024,31,7592,0,22108
90000000000033,Amber Bishop,Gold Pawn,6/1/2024,30,6826,10459,19800
90000000000033,Amber Bishop,Gold Pawn,7/1/2024,31,5925,8278,17121
90000000000033,Amber Bishop,Gold Pawn,8/1/2024,31,8063,9028,23210
90000000000033,Amber Bishop,Gold Pawn,9/1/2024,30,6735,9116,19312
90000000000033,Amber Bishop,Gold Pawn,10/1/2024,31,7488,11430,21390
90000000000033,Amber Bishop,Gold Pawn,11/1/2024,30,6376,9950,18144
90000000000033,Amber Bishop,Gold Pawn,12/1/2024,31,6332,9331,17949
90000000000033,Amber Bishop,Gold Pawn,1/1/2025,31,5102,8181,14407
90000000000033,Amber Bishop,Gold Pawn,2/1/2025,28,2443,3300,6873
90000000000033,Amber Bishop,Gold Pawn,3/1/2025,31,4439,29,12443
90000000000033,Amber Bishop,Gold Pawn,4/1/2025,30,4793,8,13385
90000000000033,Amber Bishop,Gold Pawn,5/1/2025,31,5333,8839,14834
90000000000033,Amber Bishop,Gold Pawn,6/1/2025,30,4910,9084,13607
90000000000033,Amber Bishop,Gold Pawn,7/1/2025,31,4805,8545,13265
90000000000033,Amber Bishop,Gold Pawn,8/1/2025,31,4748,8399,13057
90000000000033,Amber Bishop,Gold Pawn,9/1/2025,30,4476,8155,12263
90000000000033,Amber Bishop,Gold Pawn,10/1/2025,31,4538,6524,12383
90000000000033,Amber Bishop,Gold Pawn,11/1/2025,30,4083,6968,11101
90000000000033,Amber Bishop,Gold Pawn,12/1/2025,31,3639,6100,9855
90000000000033,Amber Bishop,Gold Pawn,1/1/2026,31,3914,4558,10559
90000000000033,Amber Bishop,Gold Pawn,2/1/2026,28,4324,5811,11622
90000000000033,Amber Bishop,Gold Pawn,3/1/2026,31,5641,7079,15105
90000000000024,Silver Knight,Crimson Knight,3/1/2025,31,1216,1904,4667
90000000000024,Silver Knight,Crimson Knight,4/1/2025,30,24018,41688,92206
90000000000024,Silver Knight,Crimson Knight,5/1/2025,31,21845,38767,83974
90000000000024,Silver Knight,Crimson Knight,6/1/2025,30,19751,38927,76023
90000000000024,Silver Knight,Crimson Knight,7/1/2025,31,14537,30391,56027
90000000000024,Silver Knight,Crimson Knight,8/1/2025,31,15860,34345,61210
90000000000024,Silver Knight,Crimson Knight,9/1/2025,30,14314,33063,55316
90000000000024,Silver Knight,Crimson Knight,10/1/2025,31,12640,30552,48909
90000000000024,Silver Knight,Crimson Knight,11/1/2025,30,11810,29995,45757
90000000000024,Silver Knight,Crimson Knight,12/1/2025,31,10959,29399,42516
90000000000024,Silver Knight,Crimson Knight,1/1/2026,31,10187,29574,39574
90000000000024,Silver Knight,Crimson Knight,2/1/2026,28,8754,25942,34051
90000000000024,Silver Knight,Crimson Knight,3/1/2026,31,7167,24283,27913
90000000000048,Cyan Bishop,Slate King,9/1/2022,30,4786,16290,28494
90000000000048,Cyan Bishop,Slate King,10/1/2022,31,36926,115713,190698
90000000000048,Cyan Bishop,Slate King,11/1/2022,30,21252,73046,130752
90000000000048,Cyan Bishop,Slate King,12/1/2022,31,12533,57875,76511
90000000000048,Cyan Bishop,Slate King,1/1/2023,31,18372,64886,111271
90000000000048,Cyan Bishop,Slate King,2/1/2023,28,11408,40386,68574
90000000000048,Cyan Bishop,Slate King,3/1/2023,31,14666,49291,87497
90000000000048,Cyan Bishop,Slate King,4/1/2023,30,10703,42015,63358
90000000000048,Cyan Bishop,Slate King,5/1/2023,31,10530,40284,61850
90000000000048,Cyan Bishop,Slate King,6/1/2023,30,6635,29509,38669
90000000000048,Cyan Bishop,Slate King,7/1/2023,31,4841,30818,27995
90000000000048,Cyan Bishop,Slate King,8/1/2023,31,3891,29411,22324
90000000000048,Cyan Bishop,Slate King,9/1/2023,30,7434,27459,42319
90000000000048,Cyan Bishop,Slate King,10/1/2023,31,6703,24174,37862
90000000000048,Cyan Bishop,Slate King,11/1/2023,30,6276,22914,35175
90000000000048,Cyan Bishop,Slate King,12/1/2023,31,6330,24856,35202
90000000000048,Cyan Bishop,Slate King,1/1/2024,31,5847,22564,32260
90000000000048,Cyan Bishop,Slate King,2/1/2024,29,5403,21525,29582
90000000000048,Cyan Bishop,Slate King,3/1/2024,31,5363,21560,29139
90000000000048,Cyan Bishop,Slate King,4/1/2024,30,5682,22416,30633
90000000000048,Cyan Bishop,Slate King,5/1/2024,31,4870,21723,26051
90000000000048,Cyan Bishop,Slate King,6/1/2024,30,4639,19671,24623
90000000000048,Cyan Bishop,Slate King,7/1/2024,31,4975,20440,26201
90000000000048,Cyan Bishop,Slate King,8/1/2024,31,4998,21715,26115
90000000000048,Cyan Bishop,Slate King,9/1/2024,30,4238,16458,21972
90000000000048,Cyan Bishop,Slate King,10/1/2024,31,4719,19109,24276
90000000000048,Cyan Bishop,Slate King,11/1/2024,30,4215,17752,21515
90000000000048,Cyan Bishop,Slate King,12/1/2024,31,4482,18050,22700
90000000000048,Cyan Bishop,Slate King,1/1/2025,31,3775,14987,18968
90000000000048,Cyan Bishop,Slate King,2/1/2025,28,3671,14651,18307
90000000000048,Cyan Bishop,Slate King,3/1/2025,31,3416,14838,16908
90000000000048,Cyan Bishop,Slate King,4/1/2025,30,3967,16878,19482
90000000000048,Cyan Bishop,Slate King,5/1/2025,31,3978,15651,19385
90000000000048,Cyan Bishop,Slate King,6/1/2025,30,3908,16421,18896
90000000000048,Cyan Bishop,Slate King,7/1/2025,31,3142,17586,15074
90000000000048,Cyan Bishop,Slate King,8/1/2025,31,3469,16464,16512
90000000000048,Cyan Bishop,Slate King,9/1/2025,30,3518,15792,16615
90000000000048,Cyan Bishop,Slate King,10/1/2025,31,3119,11296,14616
90000000000048,Cyan Bishop,Slate King,11/1/2025,30,3233,13594,15033
90000000000048,Cyan Bishop,Slate King,12/1/2025,31,3022,13147,13943
90000000000048,Cyan Bishop,Slate King,1/1/2026,31,3808,14944,17430
90000000000048,Cyan Bishop,Slate King,2/1/2026,28,3421,14069,15541
90000000000048,Cyan Bishop,Slate King,3/1/2026,31,3278,13451,14780
90000000000002,Purple King,Slate King,10/1/2020,31,44090,155032,154600
90000000000002,Purple King,Slate King,11/1/2020,30,31889,123606,112247
90000000000002,Purple King,Slate King,12/1/2020,31,23876,94281,84373
90000000000002,Purple King,Slate King,1/1/2021,31,22052,91583,78241
90000000000002,Purple King,Slate King,2/1/2021,28,13292,56520,47339
90000000000002,Purple King,Slate King,3/1/2021,31,16979,71536,60699
90000000000002,Purple King,Slate King,4/1/2021,30,14715,66776,52812
90000000000002,Purple King,Slate King,5/1/2021,31,13315,60037,47978
90000000000002,Purple King,Slate King,6/1/2021,30,10916,50554,39488
90000000000002,Purple King,Slate King,7/1/2021,31,10743,50047,39014
90000000000002,Purple King,Slate King,8/1/2021,31,10508,48417,38312
90000000000002,Purple King,Slate King,9/1/2021,30,9790,47648,35836
90000000000002,Purple King,Slate King,10/1/2021,31,8771,44333,32232
90000000000002,Purple King,Slate King,11/1/2021,30,8861,41686,32691
90000000000002,Purple King,Slate King,12/1/2021,31,8221,38569,30448
90000000000002,Purple King,Slate King,1/1/2022,31,6655,26774,24748
90000000000002,Purple King,Slate King,2/1/2022,28,6722,30409,25090
90000000000002,Purple King,Slate King,3/1/2022,31,7565,35546,28346
90000000000002,Purple King,Slate King,4/1/2022,30,6741,32338,25358
90000000000002,Purple King,Slate King,5/1/2022,31,6296,31223,23779
90000000000002,Purple King,Slate King,6/1/2022,30,4850,25860,18387
90000000000002,Purple King,Slate King,7/1/2022,31,4460,21726,16976
90000000000002,Purple King,Slate King,8/1/2022,31,5099,26867,19486
90000000000002,Purple King,Slate King,9/1/2022,30,6078,30076,23318
90000000000002,Purple King,Slate King,10/1/2022,31,5743,27041,22119
90000000000002,Purple King,Slate King,11/1/2022,30,4506,19662,17423
90000000000002,Purple King,Slate King,12/1/2022,31,4853,21506,18841
90000000000002,Purple King,Slate King,1/1/2023,31,5067,23421,19748
90000000000002,Purple King,Slate King,2/1/2023,28,4516,20251,17667
90000000000002,Purple King,Slate King,3/1/2023,31,4955,22513,19459
90000000000002,Purple King,Slate King,4/1/2023,30,4305,19320,16972
90000000000002,Purple King,Slate King,5/1/2023,31,4518,20806,17882
90000000000002,Purple King,Slate King,6/1/2023,30,3986,17631,15841
90000000000002,Purple King,Slate King,7/1/2023,31,4027,19301,16064
90000000000002,Purple King,Slate King,8/1/2023,31,3841,18892,15386
90000000000002,Purple King,Slate King,9/1/2023,30,3412,18116,13721
90000000000002,Purple King,Slate King,10/1/2023,31,3134,15632,12652
90000000000002,Purple King,Slate King,11/1/2023,30,1716,7220,6953
90000000000002,Purple King,Slate King,12/1/2023,31,3127,16814,12725
90000000000002,Purple King,Slate King,1/1/2024,31,1258,4394,5140
90000000000002,Purple King,Slate King,2/1/2024,29,2915,13895,11953
90000000000002,Purple King,Slate King,3/1/2024,31,3460,17508,14244
90000000000002,Purple King,Slate King,4/1/2024,30,3375,18457,13948
90000000000002,Purple King,Slate King,5/1/2024,31,3351,18702,13904
90000000000002,Purple King,Slate King,6/1/2024,30,3237,18083,13485
90000000000002,Purple King,Slate King,7/1/2024,31,3175,17548,13279
90000000000002,Purple King,Slate King,8/1/2024,31,3146,17987,13209
90000000000002,Purple King,Slate King,9/1/2024,30,2604,14019,10975
90000000000002,Purple King,Slate King,10/1/2024,31,3016,16598,12765
90000000000002,Purple King,Slate King,11/1/2024,30,2752,14630,11690
90000000000002,Purple King,Slate King,12/1/2024,31,2398,13072,10226
90000000000002,Purple King,Slate King,1/1/2025,31,2797,14631,11977
90000000000002,Purple King,Slate King,2/1/2025,28,2440,13467,10488
90000000000002,Purple King,Slate King,3/1/2025,31,2674,14844,11536
90000000000002,Purple King,Slate King,4/1/2025,30,2425,13080,10505
90000000000002,Purple King,Slate King,5/1/2025,31,2474,13473,10760
90000000000002,Purple King,Slate King,6/1/2025,30,2280,12701,9954
90000000000002,Purple King,Slate King,7/1/2025,31,2133,12065,9349
90000000000002,Purple King,Slate King,8/1/2025,31,2035,11611,8954
90000000000002,Purple King,Slate King,9/1/2025,30,2113,11798,9336
90000000000002,Purple King,Slate King,10/1/2025,31,2045,0,9071
90000000000002,Purple King,Slate King,11/1/2025,30,1869,9673,8324
90000000000002,Purple King,Slate King,12/1/2025,31,1892,9416,8456
90000000000002,Purple King,Slate King,1/1/2026,31,1757,8532,7886
90000000000002,Purple King,Slate King,2/1/2026,28,1642,7722,7396
90000000000002,Purple King,Slate King,3/1/2026,31,1702,8458,7696
90000000000015,Gold Bishop,Slate King,2/1/2026,28,10731,61164,0
90000000000015,Gold Bishop,Slate King,3/1/2026,31,16847,107638,0
